actors,alias,category,country_region,director,imdb,introduce,language,length,movie_name,movie_url,official_site,release_date,star,timestamp,writer,year
"弗朗索瓦·克鲁塞,奥玛·希,安娜·勒尼,奥德雷·弗勒罗,托马·索利韦尔", 闪亮人生(港) / 逆转人生(台) / 无法触碰 / 最佳拍档 / 不可触碰 / 不可触摸 / Untouchable / The Intouchables,"剧情,喜剧", 法国,"奥利维埃·纳卡什,埃里克·托莱达诺", tt1675434,, 法语,112分钟,触不可及 Intouchables,https://movie.douban.com/subject/6786002/,,2011-11-02(法国),"<strong class=""ll rating_num"" property=""v:average"">9.3</strong>",Sat Apr  2 19:25:03 2022,"奥利维埃·纳卡什,埃里克·托莱达诺",2011
"玛德琳·卡罗尔,卡兰·麦克奥利菲,瑞贝卡·德·莫妮,安东尼·爱德华兹,约翰·马奥尼,佩内洛普·安·米勒,艾丹·奎因,凯文·韦斯曼,摩根·莉莉,瑞安·克茨纳,吉莉安·普法夫,迈克尔·博萨,博·勒纳,杰奎琳·埃沃拉,泰勒·格鲁秀斯,艾莉·布莱恩特,阿什莉·泰勒,伊瑟尔·布罗萨德,科迪·霍恩,迈克尔·博尔顿,肖恩·哈珀,斯戴芬妮·斯考特,帕特丽夏·伦茨,马修·戈尔德,阿罗拉·凯瑟琳·史密斯,凯莉·唐纳利,索菲亚·撒高,米歇尔·梅斯默,斯科特·乔尔·吉兹基,罗德·迈尔斯,卡拉 帕西托,凯特琳·帕西托", 萌动青春 / 青春萌动 / 冒失 / 梧桐树之恋,"剧情,喜剧,爱情", 美国,罗伯·莱纳, tt0817177,"
                                　　布莱斯（卡兰•麦克奥利菲 Callan McAuliffe 饰）全家搬到小镇，邻家女孩朱丽（玛德琳•卡罗尔 Madeline Carroll 饰）前来帮忙。她对他一见钟情，心愿是获得他的吻。两人是同班同学，她一直想方设法接近他，但是他避之不及。她喜欢爬在高高的梧桐树上看风景。但因为施工，树被要被砍掉，她誓死捍卫，希望他并肩作战，但是他退缩了。她的事迹上了报纸，外公对她颇有好感，令他十分困惑。她凭借鸡下蛋的项目获得了科技展第一名，成了全场焦点，令他黯然失色。她把自家鸡蛋送给他，他听家人怀疑她家鸡蛋不卫生，便偷偷把鸡蛋丢掉。她得知真相，很伤心，两人关系跌入冰点。她跟家人诉说，引发争吵。原来父亲一直攒钱照顾傻弟弟，所以生活拮据。她理解了父母，自己动手，还得到了他外公的鼎力相助。他向她道歉，但是并未解决问题。他开始关注她。鸡蛋风波未平，家庭晚宴与午餐男孩评选又把两人扯在了一起……
                        ", 英语,90分钟,怦然心动 Flipped,https://movie.douban.com/subject/3319755/,,"2010-07-26(好莱坞首映),2010-09-10(美国)","<strong class=""ll rating_num"" property=""v:average"">9.1</strong>",Sat Apr  2 19:25:06 2022,"罗伯·莱纳,安德鲁·沙因曼,文德琳·范·德拉安南",2010
"威尔·史密斯,贾登·史密斯,坦迪·牛顿,布莱恩·豪威 ,詹姆斯·凯伦,丹·卡斯泰兰尼塔,柯特·富勒,塔卡尤·费舍尔,凯文·韦斯特,乔治·张,戴维·迈克尔·西尔弗曼,多米尼克·博夫,杰弗·卡伦,乔伊芙·拉文,斯科特·克拉斯", 寻找快乐的故事(港) / 追求快乐 / 幸福追击 / The Pursuit of Happiness,"剧情,家庭,传记", 美国,加布里埃莱·穆奇诺, tt0454921,, 英语 / 粤语,117分钟,当幸福来敲门 The Pursuit of Happyness,https://movie.douban.com/subject/1849031/,,"2008-01-17(中国大陆),2020-07-20(中国大陆重映),2006-12-15(美国)","<strong class=""ll rating_num"" property=""v:average"">9.2</strong>",Sat Apr  2 19:25:09 2022,斯蒂夫·康拉德,2006
"泰隆·鲍华,玛琳·黛德丽,查尔斯·劳顿,爱尔莎·兰切斯特,约翰·威廉姆斯,亨利·丹尼尔,伊安·沃尔夫,托林·撒切尔,诺玛·威登,尤娜·奥康纳,茹塔·李", 雄才伟略 / 情妇,"剧情,悬疑,犯罪", 美国,比利·怀尔德, tt0051201,"
                                　　伦敦著名刑案辩护律师韦菲爵士（查尔斯•劳顿 Charles Laughton 饰）接受了心脏病治疗，但是身体依旧虚弱，第一天回家休养，护士一直严厉监督他服药，并杜绝烟酒。管家为了便于上楼，还专门为他修了电梯。但是，种种关心照顾，对于这位桀骜不驯、牙尖嘴利的大律师根本不起作用，反倒是一纸诉状令他倍感兴奋。律师梅休和当事人沃尔（泰隆•鲍华 Tyrone Power饰）登门拜访，请他出山打官司。原来，沃尔结识了富婆，两人相见甚欢，虽然仆人对他发明的打蛋器充满鄙夷，但是富婆却对他充满爱意，甚至为他修改了遗嘱，把8万英镑留给了他。然而，富婆却惨遭毒手。于是，沃尔成为警方的头号嫌疑犯。他的唯一证人是妻子克里斯汀（玛琳•黛德丽 Marlene Dietrich饰），然而后者登门时的冷漠与淡定，令韦菲爵士怀疑这其中另有隐情。在扑朔迷离的案件背后，隐藏着一个个环环相扣、不可告人的秘密……
                                    ,
                                　　本片改编自阿加莎•克里斯蒂同名小说。
                        ", 英语 / 德语,116分钟,控方证人 Witness for the Prosecution,https://movie.douban.com/subject/1296141/,,1957-12-17(美国),"<strong class=""ll rating_num"" property=""v:average"">9.6</strong>",Sat Apr  2 19:25:13 2022,"阿加莎·克里斯蒂,比利·怀尔德,哈里·库尼兹",1957
"马龙·白兰度,阿尔·帕西诺,詹姆斯·肯恩,理查德·卡斯特尔诺,罗伯特·杜瓦尔,斯特林·海登,约翰·马利,理查德·康特,艾尔·勒提埃里,黛安·基顿,阿贝·维高达,塔莉娅·夏尔,吉亚尼·罗素,约翰·凯泽尔,鲁迪·邦德,兰尼·蒙大拿", Mario Puzo's The Godfather,"剧情,犯罪", 美国,弗朗西斯·福特·科波拉, tt0068646,, 英语 / 意大利语 / 拉丁语,175 分钟,教父 The Godfather,https://movie.douban.com/subject/1291841/,,"1972-03-15(纽约首映),1972-03-24(美国)","<strong class=""ll rating_num"" property=""v:average"">9.3</strong>",Sat Apr  2 19:25:17 2022,"马里奥·普佐,弗朗西斯·福特·科波拉",1972
"孔刘,郑有美,金贤秀,郑仁絮,白承焕,张光,金民尚,林贤成,金周灵,严孝燮,全国焕,崔镇浩,金志映,严智星,许在浩,张素妍", 无声呐喊(港) / 漩涡 / Silenced / The Crucible,剧情, 韩国,黄东赫, tt2070649,, 韩语,125分钟,熔炉 도가니,https://movie.douban.com/subject/5912992/,,2011-09-22(韩国),"<strong class=""ll rating_num"" property=""v:average"">9.3</strong>",Sat Apr  2 19:25:20 2022,"黄东赫,孔枝泳",2011
"周星驰,吴孟达,朱茵,蔡少芬,蓝洁瑛,莫文蔚,罗家英,刘镇伟,陆树铭,李健仁", 西游记完结篇仙履奇缘 / 齐天大圣西游记 / 大话东游之二 / A Chinese Odyssey Part Two - Cinderella / 大话西游之大圣娶妻,"喜剧,爱情,奇幻,古装", 中国香港 / 中国大陆,刘镇伟, tt0114996,, 粤语 / 汉语普通话,95分钟,大话西游之大圣娶亲 西遊記大結局之仙履奇緣,https://movie.douban.com/subject/1292213/,,"2014-10-24(中国大陆),2017-04-13(中国大陆重映),1995-02-04(中国香港)","<strong class=""ll rating_num"" property=""v:average"">9.2</strong>",Sat Apr  2 19:25:23 2022,刘镇伟,1995
"金妮弗·古德温,杰森·贝特曼,伊德里斯·艾尔巴,珍妮·斯蕾特,内特·托伦斯,邦尼·亨特,唐·雷克,汤米·钟,J·K·西蒙斯,奥克塔维亚·斯宾瑟,艾伦·图代克,夏奇拉,雷蒙德·S·佩尔西,德拉·萨巴,莫里斯·拉马奇,菲尔·约翰斯顿,约翰·迪·马吉欧,凯蒂·洛斯,吉塔·雷迪,杰西·科尔蒂,汤米·利斯特,乔希·达拉斯,瑞奇·摩尔,凯斯·索西,彼得·曼斯布里奇,拜伦·霍华德,杰拉德·布什,马克·史密斯,乔西·特立尼达,约翰·拉维尔,克里斯汀·贝尔,吉尔·科德斯,梅利莎·古德温", 优兽大都会(港) / 动物方城市(台) / 动物乌托邦 / 动物大都会 / Zootropolis,"喜剧,动画,冒险", 美国,"拜伦·霍华德,瑞奇·摩尔,杰拉德·布什", tt2948356,, 英语 / 挪威语,109分钟(中国大陆),疯狂动物城 Zootopia,https://movie.douban.com/subject/25662329/,,"2016-03-04(中国大陆/美国),2020-07-24(中国大陆重映)","<strong class=""ll rating_num"" property=""v:average"">9.2</strong>",Sat Apr  2 19:25:26 2022,"拜伦·霍华德,瑞奇·摩尔,杰拉德·布什,吉姆·里尔顿,乔西·特立尼达,菲尔·约翰斯顿,珍妮弗·李",2016
actors,alias,category,country_region,director,imdb,introduce,language,length,movie_name,movie_url,official_site,release_date,star,timestamp,writer,year
"本·贝尔特,艾丽莎·奈特,杰夫·格尔林,佛莱德·威拉特,西格妮·韦弗,MacInTalk,约翰·拉岑贝格,凯茜·纳基麦,泰迪·牛顿,鲍伯·伯根,洛丽·理查德森,吉姆·瓦德,彼特·道格特,安德鲁·斯坦顿,杰夫·皮金,约翰·齐甘,米凯·麦高万,雪莉·琳恩,克莱特·惠特克,唐纳德·富利洛夫,罗里·艾伦,杰斯·哈梅尔,拉瑞恩·纽曼,扬·拉布森,保罗·伊丁", 太空奇兵·威E(港) / 瓦力(台) / 星际总动员 / 地球废品分装员 / 机器人瓦力 / walle,"科幻,动画,冒险", 美国,安德鲁·斯坦顿, tt0910970,, 英语,98分钟,机器人总动员 WALL·E,https://movie.douban.com/subject/2131459/,,2008-06-27(美国),"<strong class=""ll rating_num"" property=""v:average"">9.3</strong>",Sat Apr  2 19:26:25 2022,"安德鲁·斯坦顿,吉姆·里尔顿,彼特·道格特",2008
"阿米尔·汗,卡琳娜·卡普尔,马达范,沙尔曼·乔希,奥米·瓦依达,博曼·伊拉尼,莫娜·辛格,拉杰夫·拉宾德拉纳特安", 三个傻瓜(台) / 作死不离3兄弟(港) / 三个白痴 / 三个傻蛋 / 三个呆瓜 / 三生万悟 / 寻找兰彻 / Three Idiots,"剧情,喜剧,爱情,歌舞", 印度,拉吉库马尔·希拉尼, tt1187043,"本片根据印度畅销书作家奇坦·巴哈特（ChetanBhagat）的处女作小说《五点人》（FivePointSomeone）改编而成。法兰（马德哈万RMadhavan饰）、拉杜（沙曼·乔希SharmanJoshi饰）与兰乔（阿米尔·汗AamirKhan饰）是皇家工程学院的学生，三人共居一室，结为好友。在以严格著称的学院里，兰乔是个非常与众不同的学生，他不死记硬背，甚至还公然顶撞校长“病毒”（波曼·伊拉尼BomanIrani饰），质疑他的教学方法。他不仅鼓动法兰与拉杜去勇敢追寻理想，还劝说校长的二女儿碧雅（卡琳娜·卡普KareenaKapoor饰）离开满眼铜臭的未婚夫。兰乔的特立独行引起了模范学生“消音器”（奥米·维嘉OmiVaidya饰）的不满，他约定十年后再与兰乔一决高下，看哪种生活方式更能取得成功。,本片获孟买电影博览奖最佳影片、最佳导演、最佳配角（波曼·伊拉尼）、最佳剧本等六项大奖，并获国际印度电影协会最佳影片、最佳导演、最佳剧情、最佳摄影等十六项大奖。", 印地语 / 乌尔都语 / 英语,171分钟(印度),三傻大闹宝莱坞 3 Idiots,https://movie.douban.com/subject/3793023/,,"2011-12-08(中国大陆),2009-12-25(印度)","<strong class=""ll rating_num"" property=""v:average"">9.2</strong>",Sat Apr  2 19:26:29 2022,"维德胡·维诺德·乔普拉,拉吉库马尔·希拉尼,阿希贾特·乔希",2009
"金·凯瑞,劳拉·琳妮,艾德·哈里斯,诺亚·艾默里奇,娜塔莎·麦克艾霍恩", 真人Show(港) / 真人戏 / 真人世界 / 楚门秀 / 真人秀,"剧情,科幻", 美国,彼得·威尔, tt0120382,, 英语,103分钟,楚门的世界 The Truman Show,https://movie.douban.com/subject/1292064/,,1998-06-05(美国),"<strong class=""ll rating_num"" property=""v:average"">9.3</strong>",Sat Apr  2 19:26:36 2022,安德鲁·尼科尔,1998
"蒂姆·罗斯,普路特·泰勒·文斯,比尔·努恩,克兰伦斯·威廉姆斯三世,梅兰尼·蒂埃里,皮特·沃恩,尼尔·奥布赖恩,阿尔贝托·巴斯克斯,加布里埃莱·拉维亚,科里·巴克,西德尼·科尔,Luigi De Luca,尼古拉·迪·平托,费米·依鲁福祖,伊斯顿·盖奇,凯文·麦克纳利,布莱恩·普林格,沙拉·鲁宾,希思科特·威廉姆斯,阿妮妲·扎格利亚,安吉洛·迪洛雷塔", 声光伴我飞(港) / 一九零零的传奇 / 1900海上钢琴师 / 传奇1900 / The Legend of 1900 / The Legend Of The Pianist On The Ocean,"剧情,音乐", 意大利,朱塞佩·托纳多雷, tt0120731,, 英语 / 法语 / 意大利语,165分钟,海上钢琴师 La leggenda del pianista sull'oceano,https://movie.douban.com/subject/1292001/,,"2019-11-15(中国大陆),1998-10-28(意大利)","<strong class=""ll rating_num"" property=""v:average"">9.3</strong>",Sat Apr  2 19:26:37 2022,"亚利桑德罗·巴里克,朱塞佩·托纳多雷",1998
"马修·麦康纳,安妮·海瑟薇,杰西卡·查斯坦,麦肯吉·弗依,卡西·阿弗莱克,迈克尔·凯恩,马特·达蒙,蒂莫西·柴勒梅德,艾伦·伯斯汀,约翰·利思戈,韦斯·本特利,大卫·吉亚西,比尔·欧文,托弗·戈瑞斯,科莱特·沃夫,弗朗西斯·X.麦卡蒂,安德鲁·博尔巴,乔什·斯图沃特,莱雅·卡里恩斯,利亚姆·迪金森,杰夫·赫普内尔,伊莱耶斯·加贝尔,布鲁克·史密斯,大卫·奥伊罗,威廉姆·德瓦内,拉什·费加,格里芬·弗雷泽,弗洛拉·诺兰", 星际启示录(港) / 星际效应(台) / 星际空间 / 星际之间 / 星际远航 / 星际 / Flora's Letter,"剧情,科幻,冒险", 美国 / 英国 / 加拿大,克里斯托弗·诺兰, tt0816692,"近未来的地球黄沙遍野，小麦、秋葵等基础农作物相继因枯萎病灭绝，人类不再像从前那样仰望星空，放纵想象力和灵感的迸发，而是每日在沙尘暴的肆虐下倒数着所剩不多的光景。在家务农的前NASA宇航员库珀（马修·麦康纳MatthewMcConaughey饰）接连在女儿墨菲（麦肯吉·弗依MackenzieFoy饰）的书房发现奇怪的重力场现象，随即得知在某个未知区域内前NASA成员仍秘密进行一个拯救人类的计划。多年以前土星附近出现神秘虫洞，NASA借机将数名宇航员派遣到遥远的星系寻找适合居住的星球。在布兰德教授（迈克尔·凯恩MichaelCaine饰）的劝说下，库珀忍痛告别了女儿，和其他三名专家教授女儿艾米莉亚·布兰德（安妮·海瑟薇AnneHathaway饰）、罗米利（大卫·吉雅西DavidGyasi饰）、多伊尔（韦斯·本特利WesBentley饰）搭乘宇宙飞船前往目前已知的最有希望的三颗星球考察。,他们穿越遥远的星系银河，感受了一小时七年光阴的沧海桑田，窥见了未知星球和黑洞的壮伟与神秘。在浩瀚宇宙的绝望而孤独角落，总有一份超越了时空的笃定情怀将他们紧紧相连……", 英语,169分钟,星际穿越 Interstellar,https://movie.douban.com/subject/1889243/,https://movie.douban.com/events/interstellar,"2014-11-12(中国大陆),2020-08-02(中国大陆重映),2014-11-07(美国)","<strong class=""ll rating_num"" property=""v:average"">9.4</strong>",Sat Apr  2 19:26:40 2022,"乔纳森·诺兰,克里斯托弗·诺兰",2014
actors,alias,category,country_region,director,imdb,introduce,language,length,movie_name,movie_url,official_site,release_date,star,timestamp,writer,year
"蒂姆·罗宾斯,摩根·弗里曼,鲍勃·冈顿,威廉姆·赛德勒,克兰西·布朗,吉尔·贝罗斯,马克·罗斯顿,詹姆斯·惠特摩,杰弗里·德曼,拉里·布兰登伯格,尼尔·吉恩托利,布赖恩·利比,大卫·普罗瓦尔,约瑟夫·劳格诺,祖德·塞克利拉,保罗·麦克兰尼,芮妮·布莱恩,阿方索·弗里曼,V·J·福斯特,弗兰克·梅德拉诺,马克·迈尔斯,尼尔·萨默斯,耐德·巴拉米,布赖恩·戴拉特,唐·麦克马纳斯", 月黑高飞(港) / 刺激1995(台) / 地狱诺言 / 铁窗岁月 / 消香克的救赎,"剧情,犯罪", 美国,弗兰克·德拉邦特, tt0111161,"一场谋杀案使银行家安迪（蒂姆•罗宾斯TimRobbins饰）蒙冤入狱，谋杀妻子及其情人的指控将囚禁他终生。在肖申克监狱的首次现身就让监狱“大哥”瑞德（摩根•弗里曼MorganFreeman饰）对他另眼相看。瑞德帮助他搞到一把石锤和一幅女明星海报，两人渐成患难之交。很快，安迪在监狱里大显其才，担当监狱图书管理员，并利用自己的金融知识帮助监狱官避税，引起了典狱长的注意，被招致麾下帮助典狱长洗黑钱。偶然一次，他得知一名新入狱的小偷能够作证帮他洗脱谋杀罪。燃起一丝希望的安迪找到了典狱长，希望他能帮自己翻案。阴险伪善的狱长假装答应安迪，背后却派人杀死小偷，让他唯一能合法出狱的希望泯灭。沮丧的安迪并没有绝望，在一个电闪雷鸣的风雨夜，一场暗藏几十年的越狱计划让他自我救赎，重获自由！老朋友瑞德在他的鼓舞和帮助下，也勇敢地奔向自由。,本片获得1995年奥斯卡10项提名，以及金球奖、土星奖等多项提名。", 英语,142分钟,肖申克的救赎 The Shawshank Redemption,https://movie.douban.com/subject/1292052/,,"1994-09-10(多伦多电影节),1994-10-14(美国)",9.7,Sat Apr  2 19:27:02 2022,"弗兰克·德拉邦特,斯蒂芬·金",1994
"弗朗索瓦·克鲁塞,奥玛·希,安娜·勒尼,奥德雷·弗勒罗,托马·索利韦尔", 闪亮人生(港) / 逆转人生(台) / 无法触碰 / 最佳拍档 / 不可触碰 / 不可触摸 / Untouchable / The Intouchables,"剧情,喜剧", 法国,"奥利维埃·纳卡什,埃里克·托莱达诺", tt1675434,, 法语,112分钟,触不可及 Intouchables,https://movie.douban.com/subject/6786002/,,2011-11-02(法国),9.3,Sat Apr  2 19:27:09 2022,"奥利维埃·纳卡什,埃里克·托莱达诺",2011
"玛德琳·卡罗尔,卡兰·麦克奥利菲,瑞贝卡·德·莫妮,安东尼·爱德华兹,约翰·马奥尼,佩内洛普·安·米勒,艾丹·奎因,凯文·韦斯曼,摩根·莉莉,瑞安·克茨纳,吉莉安·普法夫,迈克尔·博萨,博·勒纳,杰奎琳·埃沃拉,泰勒·格鲁秀斯,艾莉·布莱恩特,阿什莉·泰勒,伊瑟尔·布罗萨德,科迪·霍恩,迈克尔·博尔顿,肖恩·哈珀,斯戴芬妮·斯考特,帕特丽夏·伦茨,马修·戈尔德,阿罗拉·凯瑟琳·史密斯,凯莉·唐纳利,索菲亚·撒高,米歇尔·梅斯默,斯科特·乔尔·吉兹基,罗德·迈尔斯,卡拉 帕西托,凯特琳·帕西托", 萌动青春 / 青春萌动 / 冒失 / 梧桐树之恋,"剧情,喜剧,爱情", 美国,罗伯·莱纳, tt0817177,布莱斯（卡兰•麦克奥利菲CallanMcAuliffe饰）全家搬到小镇，邻家女孩朱丽（玛德琳•卡罗尔MadelineCarroll饰）前来帮忙。她对他一见钟情，心愿是获得他的吻。两人是同班同学，她一直想方设法接近他，但是他避之不及。她喜欢爬在高高的梧桐树上看风景。但因为施工，树被要被砍掉，她誓死捍卫，希望他并肩作战，但是他退缩了。她的事迹上了报纸，外公对她颇有好感，令他十分困惑。她凭借鸡下蛋的项目获得了科技展第一名，成了全场焦点，令他黯然失色。她把自家鸡蛋送给他，他听家人怀疑她家鸡蛋不卫生，便偷偷把鸡蛋丢掉。她得知真相，很伤心，两人关系跌入冰点。她跟家人诉说，引发争吵。原来父亲一直攒钱照顾傻弟弟，所以生活拮据。她理解了父母，自己动手，还得到了他外公的鼎力相助。他向她道歉，但是并未解决问题。他开始关注她。鸡蛋风波未平，家庭晚宴与午餐男孩评选又把两人扯在了一起……, 英语,90分钟,怦然心动 Flipped,https://movie.douban.com/subject/3319755/,,"2010-07-26(好莱坞首映),2010-09-10(美国)",9.1,Sat Apr  2 19:27:13 2022,"罗伯·莱纳,安德鲁·沙因曼,文德琳·范·德拉安南",2010
"威尔·史密斯,贾登·史密斯,坦迪·牛顿,布莱恩·豪威 ,詹姆斯·凯伦,丹·卡斯泰兰尼塔,柯特·富勒,塔卡尤·费舍尔,凯文·韦斯特,乔治·张,戴维·迈克尔·西尔弗曼,多米尼克·博夫,杰弗·卡伦,乔伊芙·拉文,斯科特·克拉斯", 寻找快乐的故事(港) / 追求快乐 / 幸福追击 / The Pursuit of Happiness,"剧情,家庭,传记", 美国,加布里埃莱·穆奇诺, tt0454921,, 英语 / 粤语,117分钟,当幸福来敲门 The Pursuit of Happyness,https://movie.douban.com/subject/1849031/,,"2008-01-17(中国大陆),2020-07-20(中国大陆重映),2006-12-15(美国)",9.2,Sat Apr  2 19:27:18 2022,斯蒂夫·康拉德,2006
"泰隆·鲍华,玛琳·黛德丽,查尔斯·劳顿,爱尔莎·兰切斯特,约翰·威廉姆斯,亨利·丹尼尔,伊安·沃尔夫,托林·撒切尔,诺玛·威登,尤娜·奥康纳,茹塔·李", 雄才伟略 / 情妇,"剧情,悬疑,犯罪", 美国,比利·怀尔德, tt0051201,"伦敦著名刑案辩护律师韦菲爵士（查尔斯•劳顿CharlesLaughton饰）接受了心脏病治疗，但是身体依旧虚弱，第一天回家休养，护士一直严厉监督他服药，并杜绝烟酒。管家为了便于上楼，还专门为他修了电梯。但是，种种关心照顾，对于这位桀骜不驯、牙尖嘴利的大律师根本不起作用，反倒是一纸诉状令他倍感兴奋。律师梅休和当事人沃尔（泰隆•鲍华TyronePower饰）登门拜访，请他出山打官司。原来，沃尔结识了富婆，两人相见甚欢，虽然仆人对他发明的打蛋器充满鄙夷，但是富婆却对他充满爱意，甚至为他修改了遗嘱，把8万英镑留给了他。然而，富婆却惨遭毒手。于是，沃尔成为警方的头号嫌疑犯。他的唯一证人是妻子克里斯汀（玛琳•黛德丽MarleneDietrich饰），然而后者登门时的冷漠与淡定，令韦菲爵士怀疑这其中另有隐情。在扑朔迷离的案件背后，隐藏着一个个环环相扣、不可告人的秘密……,本片改编自阿加莎•克里斯蒂同名小说。", 英语 / 德语,116分钟,控方证人 Witness for the Prosecution,https://movie.douban.com/subject/1296141/,,1957-12-17(美国),9.6,Sat Apr  2 19:27:21 2022,"阿加莎·克里斯蒂,比利·怀尔德,哈里·库尼兹",1957
"马龙·白兰度,阿尔·帕西诺,詹姆斯·肯恩,理查德·卡斯特尔诺,罗伯特·杜瓦尔,斯特林·海登,约翰·马利,理查德·康特,艾尔·勒提埃里,黛安·基顿,阿贝·维高达,塔莉娅·夏尔,吉亚尼·罗素,约翰·凯泽尔,鲁迪·邦德,兰尼·蒙大拿", Mario Puzo's The Godfather,"剧情,犯罪", 美国,弗朗西斯·福特·科波拉, tt0068646,, 英语 / 意大利语 / 拉丁语,175 分钟,教父 The Godfather,https://movie.douban.com/subject/1291841/,,"1972-03-15(纽约首映),1972-03-24(美国)",9.3,Sat Apr  2 19:27:25 2022,"马里奥·普佐,弗朗西斯·福特·科波拉",1972
"孔刘,郑有美,金贤秀,郑仁絮,白承焕,张光,金民尚,林贤成,金周灵,严孝燮,全国焕,崔镇浩,金志映,严智星,许在浩,张素妍", 无声呐喊(港) / 漩涡 / Silenced / The Crucible,剧情, 韩国,黄东赫, tt2070649,, 韩语,125分钟,熔炉 도가니,https://movie.douban.com/subject/5912992/,,2011-09-22(韩国),9.3,Sat Apr  2 19:27:28 2022,"黄东赫,孔枝泳",2011
"周星驰,吴孟达,朱茵,蔡少芬,蓝洁瑛,莫文蔚,罗家英,刘镇伟,陆树铭,李健仁", 西游记完结篇仙履奇缘 / 齐天大圣西游记 / 大话东游之二 / A Chinese Odyssey Part Two - Cinderella / 大话西游之大圣娶妻,"喜剧,爱情,奇幻,古装", 中国香港 / 中国大陆,刘镇伟, tt0114996,, 粤语 / 汉语普通话,95分钟,大话西游之大圣娶亲 西遊記大結局之仙履奇緣,https://movie.douban.com/subject/1292213/,,"2014-10-24(中国大陆),2017-04-13(中国大陆重映),1995-02-04(中国香港)",9.2,Sat Apr  2 19:27:33 2022,刘镇伟,1995
"金妮弗·古德温,杰森·贝特曼,伊德里斯·艾尔巴,珍妮·斯蕾特,内特·托伦斯,邦尼·亨特,唐·雷克,汤米·钟,J·K·西蒙斯,奥克塔维亚·斯宾瑟,艾伦·图代克,夏奇拉,雷蒙德·S·佩尔西,德拉·萨巴,莫里斯·拉马奇,菲尔·约翰斯顿,约翰·迪·马吉欧,凯蒂·洛斯,吉塔·雷迪,杰西·科尔蒂,汤米·利斯特,乔希·达拉斯,瑞奇·摩尔,凯斯·索西,彼得·曼斯布里奇,拜伦·霍华德,杰拉德·布什,马克·史密斯,乔西·特立尼达,约翰·拉维尔,克里斯汀·贝尔,吉尔·科德斯,梅利莎·古德温", 优兽大都会(港) / 动物方城市(台) / 动物乌托邦 / 动物大都会 / Zootropolis,"喜剧,动画,冒险", 美国,"拜伦·霍华德,瑞奇·摩尔,杰拉德·布什", tt2948356,, 英语 / 挪威语,109分钟(中国大陆),疯狂动物城 Zootopia,https://movie.douban.com/subject/25662329/,,"2016-03-04(中国大陆/美国),2020-07-24(中国大陆重映)",9.2,Sat Apr  2 19:27:35 2022,"拜伦·霍华德,瑞奇·摩尔,杰拉德·布什,吉姆·里尔顿,乔西·特立尼达,菲尔·约翰斯顿,珍妮弗·李",2016
"刘德华,梁朝伟,黄秋生,曾志伟,郑秀文,陈慧琳,陈冠希,余文乐,杜汶泽,林家栋,萧亚轩", Infernal Affairs / Mou gaan dou,"剧情,惊悚,犯罪", 中国香港,"刘伟强,麦兆辉", tt0338564,, 粤语,101分钟,无间道 無間道,https://movie.douban.com/subject/1307914/,,"2003-09-05(中国大陆),2002-12-12(中国香港)",9.3,Sat Apr  2 19:27:40 2022,"麦兆辉,庄文强",2002
"热拉尔·朱尼奥,让-巴蒂斯特·莫尼耶,弗朗索瓦·贝莱昂,凯德·麦拉德,让-保罗·博奈雷,玛丽·布奈尔,马科森斯·珀林,格雷戈里·加迪诺尔,托马斯·布伦门塔尔,西里尔·伯尔尼科特,西蒙·法戈特,泰奥杜尔·卡雷-卡赛尼,菲利普·杜·詹纳兰德,Carole Weiss,埃里克·德斯玛莱茨,狄迪尔·弗拉蒙,雅克·贝汉", 歌声伴我心(港) / 唱诗班男孩 / The Chorus,"剧情,喜剧,音乐", 法国 / 瑞士 / 德国,克里斯托夫·巴拉蒂, tt0372824,, 法语,97分钟,放牛班的春天 Les choristes,https://movie.douban.com/subject/1291549/,,"2004-10-16(中国大陆),2004-03-17(法国)",9.3,Sat Apr  2 19:27:43 2022,"乔治·沙普罗,勒·惠勒,诺埃-诺尔,克里斯托夫·巴拉蒂,菲利普·洛佩斯-屈瓦尔",2004
"本·贝尔特,艾丽莎·奈特,杰夫·格尔林,佛莱德·威拉特,西格妮·韦弗,MacInTalk,约翰·拉岑贝格,凯茜·纳基麦,泰迪·牛顿,鲍伯·伯根,洛丽·理查德森,吉姆·瓦德,彼特·道格特,安德鲁·斯坦顿,杰夫·皮金,约翰·齐甘,米凯·麦高万,雪莉·琳恩,克莱特·惠特克,唐纳德·富利洛夫,罗里·艾伦,杰斯·哈梅尔,拉瑞恩·纽曼,扬·拉布森,保罗·伊丁", 太空奇兵·威E(港) / 瓦力(台) / 星际总动员 / 地球废品分装员 / 机器人瓦力 / walle,"科幻,动画,冒险", 美国,安德鲁·斯坦顿, tt0910970,, 英语,98分钟,机器人总动员 WALL·E,https://movie.douban.com/subject/2131459/,,2008-06-27(美国),9.3,Sat Apr  2 19:27:46 2022,"安德鲁·斯坦顿,吉姆·里尔顿,彼特·道格特",2008
"阿米尔·汗,卡琳娜·卡普尔,马达范,沙尔曼·乔希,奥米·瓦依达,博曼·伊拉尼,莫娜·辛格,拉杰夫·拉宾德拉纳特安", 三个傻瓜(台) / 作死不离3兄弟(港) / 三个白痴 / 三个傻蛋 / 三个呆瓜 / 三生万悟 / 寻找兰彻 / Three Idiots,"剧情,喜剧,爱情,歌舞", 印度,拉吉库马尔·希拉尼, tt1187043,"本片根据印度畅销书作家奇坦·巴哈特（ChetanBhagat）的处女作小说《五点人》（FivePointSomeone）改编而成。法兰（马德哈万RMadhavan饰）、拉杜（沙曼·乔希SharmanJoshi饰）与兰乔（阿米尔·汗AamirKhan饰）是皇家工程学院的学生，三人共居一室，结为好友。在以严格著称的学院里，兰乔是个非常与众不同的学生，他不死记硬背，甚至还公然顶撞校长“病毒”（波曼·伊拉尼BomanIrani饰），质疑他的教学方法。他不仅鼓动法兰与拉杜去勇敢追寻理想，还劝说校长的二女儿碧雅（卡琳娜·卡普KareenaKapoor饰）离开满眼铜臭的未婚夫。兰乔的特立独行引起了模范学生“消音器”（奥米·维嘉OmiVaidya饰）的不满，他约定十年后再与兰乔一决高下，看哪种生活方式更能取得成功。,本片获孟买电影博览奖最佳影片、最佳导演、最佳配角（波曼·伊拉尼）、最佳剧本等六项大奖，并获国际印度电影协会最佳影片、最佳导演、最佳剧情、最佳摄影等十六项大奖。", 印地语 / 乌尔都语 / 英语,171分钟(印度),三傻大闹宝莱坞 3 Idiots,https://movie.douban.com/subject/3793023/,,"2011-12-08(中国大陆),2009-12-25(印度)",9.2,Sat Apr  2 19:27:51 2022,"维德胡·维诺德·乔普拉,拉吉库马尔·希拉尼,阿希贾特·乔希",2009
"蒂姆·罗斯,普路特·泰勒·文斯,比尔·努恩,克兰伦斯·威廉姆斯三世,梅兰尼·蒂埃里,皮特·沃恩,尼尔·奥布赖恩,阿尔贝托·巴斯克斯,加布里埃莱·拉维亚,科里·巴克,西德尼·科尔,Luigi De Luca,尼古拉·迪·平托,费米·依鲁福祖,伊斯顿·盖奇,凯文·麦克纳利,布莱恩·普林格,沙拉·鲁宾,希思科特·威廉姆斯,阿妮妲·扎格利亚,安吉洛·迪洛雷塔", 声光伴我飞(港) / 一九零零的传奇 / 1900海上钢琴师 / 传奇1900 / The Legend of 1900 / The Legend Of The Pianist On The Ocean,"剧情,音乐", 意大利,朱塞佩·托纳多雷, tt0120731,, 英语 / 法语 / 意大利语,165分钟,海上钢琴师 La leggenda del pianista sull'oceano,https://movie.douban.com/subject/1292001/,,"2019-11-15(中国大陆),1998-10-28(意大利)",9.3,Sat Apr  2 19:27:55 2022,"亚利桑德罗·巴里克,朱塞佩·托纳多雷",1998
"金·凯瑞,劳拉·琳妮,艾德·哈里斯,诺亚·艾默里奇,娜塔莎·麦克艾霍恩", 真人Show(港) / 真人戏 / 真人世界 / 楚门秀 / 真人秀,"剧情,科幻", 美国,彼得·威尔, tt0120382,, 英语,103分钟,楚门的世界 The Truman Show,https://movie.douban.com/subject/1292064/,,1998-06-05(美国),9.3,Sat Apr  2 19:28:00 2022,安德鲁·尼科尔,1998
"马修·麦康纳,安妮·海瑟薇,杰西卡·查斯坦,麦肯吉·弗依,卡西·阿弗莱克,迈克尔·凯恩,马特·达蒙,蒂莫西·柴勒梅德,艾伦·伯斯汀,约翰·利思戈,韦斯·本特利,大卫·吉亚西,比尔·欧文,托弗·戈瑞斯,科莱特·沃夫,弗朗西斯·X.麦卡蒂,安德鲁·博尔巴,乔什·斯图沃特,莱雅·卡里恩斯,利亚姆·迪金森,杰夫·赫普内尔,伊莱耶斯·加贝尔,布鲁克·史密斯,大卫·奥伊罗,威廉姆·德瓦内,拉什·费加,格里芬·弗雷泽,弗洛拉·诺兰", 星际启示录(港) / 星际效应(台) / 星际空间 / 星际之间 / 星际远航 / 星际 / Flora's Letter,"剧情,科幻,冒险", 美国 / 英国 / 加拿大,克里斯托弗·诺兰, tt0816692,"近未来的地球黄沙遍野，小麦、秋葵等基础农作物相继因枯萎病灭绝，人类不再像从前那样仰望星空，放纵想象力和灵感的迸发，而是每日在沙尘暴的肆虐下倒数着所剩不多的光景。在家务农的前NASA宇航员库珀（马修·麦康纳MatthewMcConaughey饰）接连在女儿墨菲（麦肯吉·弗依MackenzieFoy饰）的书房发现奇怪的重力场现象，随即得知在某个未知区域内前NASA成员仍秘密进行一个拯救人类的计划。多年以前土星附近出现神秘虫洞，NASA借机将数名宇航员派遣到遥远的星系寻找适合居住的星球。在布兰德教授（迈克尔·凯恩MichaelCaine饰）的劝说下，库珀忍痛告别了女儿，和其他三名专家教授女儿艾米莉亚·布兰德（安妮·海瑟薇AnneHathaway饰）、罗米利（大卫·吉雅西DavidGyasi饰）、多伊尔（韦斯·本特利WesBentley饰）搭乘宇宙飞船前往目前已知的最有希望的三颗星球考察。,他们穿越遥远的星系银河，感受了一小时七年光阴的沧海桑田，窥见了未知星球和黑洞的壮伟与神秘。在浩瀚宇宙的绝望而孤独角落，总有一份超越了时空的笃定情怀将他们紧紧相连……", 英语,169分钟,星际穿越 Interstellar,https://movie.douban.com/subject/1889243/,https://movie.douban.com/events/interstellar,"2014-11-12(中国大陆),2020-08-02(中国大陆重映),2014-11-07(美国)",9.4,Sat Apr  2 19:28:03 2022,"乔纳森·诺兰,克里斯托弗·诺兰",2014
"理查·基尔,萨拉·罗默尔,琼·艾伦,罗比·萨布莱特,艾瑞克·阿瓦利,田川洋行,杰森·亚历山大,罗伯特·卡普荣", 秋田犬八千(港) / 忠犬小八(台) / 忠犬传奇,剧情, 美国 / 英国,拉斯·霍尔斯道姆, tt1028532,"八公（Forest饰）是一条谜一样的犬，因为没有人知道它从哪里来。教授帕克（理查·基尔RichardGere饰）在小镇的火车站拣到一只走失的小狗，冥冥中似乎注定小狗和帕克教授有着某种缘分，帕克一抱起这只小狗就再也放不下来，最终，帕克对小狗八公的疼爱感化了起初极力反对养狗的妻子卡特（琼·艾伦JoanAllen饰）。八公在帕克的呵护下慢慢长大，帕克上班时八公会一直把他送到车站，下班时八公也会早早便爬在车站等候，八公的忠诚让小镇的人家对它更加疼爱。有一天，八公在帕克要上班时表现异常，居然玩起了以往从来不会的捡球游戏，八公的表现让帕克非常满意，可是就是在那天，帕克因病去世。帕克的妻子、女儿安迪（萨拉·罗默尔SarahRoemer饰）及女婿迈克尔（罗比·萨布莱特RobbieSublett饰）怀着无比沉痛的心情埋葬了帕克，可是不明就里的八公却依然每天傍晚五点准时守候在小站的门前，等待着主人归来……,本片根据上个世纪30年代发生在日本的真实故事改编，1987年在日本拍成电影后创造了40亿日元的票房。", 英语 / 日语,93分钟,忠犬八公的故事 Hachi: A Dog's Tale,https://movie.douban.com/subject/3011091/,,"2009-06-13(西雅图电影节),2010-03-12(英国)",9.4,Sat Apr  2 19:28:09 2022,"斯蒂芬·P·林赛,新藤兼人",2009
"奥黛丽·赫本,格利高里·派克,埃迪·艾伯特,哈特利·鲍尔,哈考特·威廉姆斯,玛格丽特·罗林斯,托里奥·卡米纳提,保罗·卡利尼,克劳迪奥·埃尔梅利,保拉·布鲁布尼,里佐·弗雷多里佐", 金枝玉叶(港) / 罗马假期(台),"剧情,喜剧,爱情", 美国,威廉·惠勒, tt0046250,, 英语 / 意大利语 / 德语,118分钟,罗马假日 Roman Holiday,https://movie.douban.com/subject/1293839/,,"1953-08-20(威尼斯电影节),1953-09-02(美国)",9.1,Sat Apr  2 19:28:11 2022,"达尔顿·特朗勃,伊安·麦克莱伦·亨特,约翰·戴顿",1953
"艾德里安·布洛迪,托马斯·克莱舒曼,艾米莉娅·福克斯,米哈乌·热布罗夫斯基,埃德·斯托帕德,穆琳·利普曼,弗兰克·芬莱,茱莉亚·蕾娜,杰西卡·凯特·梅耶尔,理查德·赖丁斯", 钢琴战曲(港) / 战地琴人(台) / 战地琴声 / 钢琴师,"剧情,音乐,传记,战争", 英国 / 法国 / 波兰 / 德国,罗曼·波兰斯基, tt0253474,, 英语 / 德语 / 俄语,150分钟,钢琴家 The Pianist,https://movie.douban.com/subject/1296736/,,"2002-05-24(戛纳电影节),2002-09-25(法国)",9.2,Sat Apr  2 19:28:15 2022,罗纳德·哈伍德,2002
"阿尔·帕西诺,克里斯·奥唐纳,詹姆斯·瑞布霍恩,加布里埃尔·安瓦尔,菲利普·塞默·霍夫曼,理查德·文彻,布莱德利·惠特福德,罗谢尔·奥利弗,Margaret Eginton,Tom Riis Farrell,Nicholas Sadler,托德·路易斯,马特·史密斯,吉恩·坎菲尔德,弗兰西丝·康罗伊", 女人香 / 女人的芳香,剧情, 美国,马丁·布莱斯特, tt0105323,, 英语,157 分钟,闻香识女人 Scent of a Woman,https://movie.douban.com/subject/1298624/,,1992-12-23(美国),9.1,Sat Apr  2 19:28:20 2022,"博·古德曼,乔瓦尼·阿尔皮诺",1992
"伊利亚·伍德,西恩·奥斯汀,多米尼克·莫纳汉,奥兰多·布鲁姆,维果·莫腾森,伊恩·麦克莱恩,凯特·布兰切特,比利·博伊德,杰德·布罗菲,丽芙·泰勒,安迪·瑟金斯,米兰达·奥图,雨果·维文,布拉德·道里夫,卡卢姆·吉廷斯,伯纳德·希尔,布鲁斯·霍普金斯,克里斯托弗·李,纳撒尼尔·利斯,罗宾·马尔科姆,约翰·贝西,萨拉·贝克,克雷格·帕克,布鲁斯·菲利普斯,Robert Pollock,约翰·瑞斯-戴维斯,奥利维亚·田內,卡尔·厄本,史蒂芬·乌瑞,大卫·文翰,菲利普·格里夫,肖恩·宾,约翰·诺贝尔,Jarl Benzon,Jørn Benzon,Ben Britton,阿利斯泰尔·布朗宁,Sean Button,Robert Catto,罗德尼·库克,卡尔洛斯·德林克沃特,西奥沙福瓦,本·弗兰舍姆,Jonathan Harding,Lucas Hayward,丹·汉纳,保罗·霍姆斯,杰森霍德,彼得·杰克逊,Sam Kelly,Sandro Kopp", 魔戒二部曲：双城奇谋 / 指环王II：双塔 / 魔戒2：双塔奇谋,"剧情,动作,奇幻,冒险", 美国 / 新西兰,彼得·杰克逊, tt0167261,"第二部在延续第一部风格的同时，故事呈现出多线发展的格局，情节有了更高的观赏性。,第一部结尾，博罗米尔被强兽人杀死之后，两个霍比特人皮平和梅利也被强兽人绑架，阿拉贡、精灵莱戈拉斯（奥兰多·布鲁姆饰）、侏儒金利一路追踪强兽人，营救皮平和梅利，遇到了“复活”的白袍巫师甘道夫（伊恩·麦克莱恩饰）。此时，投降索伦的白袍巫师萨鲁曼控制了人类洛汉王国的国王，并派出大量的强兽人军队，准备消灭人类。阿拉贡、莱戈拉斯和金利在甘道夫的带领下，帮助洛汉王国对抗邪恶力量的入侵。,幸运的皮平和梅利被会说话的树精救了出来，并且遇到“复活”的甘道夫，在甘道夫的授意下，树精保护了两人的安全，并且带他们参加树精大会，大会上，树精们讨论对待中土大战的态度：是继续当中立者，逆来顺受，还是奋起反抗？,身负重任的佛罗多（伊利亚·伍德饰）和山姆继续向末日山脉前进，一路上被咕噜跟踪，弗罗多依靠至尊魔戒的力量，成为了咕噜的主人，在咕噜的带领下，他们到了末日山脉的入口，黑门。就在他们准备进入之时，博罗米尔的弟弟法莫尔出现，将他们带回了刚铎。弗罗多又遇上了新的危机：法莫尔想利用至尊魔戒的力量对抗萨鲁曼的攻击……", 英语 / 辛达林语 / 古代英语,180分钟,指环王2：双塔奇兵 The Lord of the Rings: The Two Towers,https://movie.douban.com/subject/1291572/,,"2003-04-25(中国大陆),2021-04-23(中国大陆重映),2002-12-05(纽约首映),2002-12-18(美国)",9.2,Sat Apr  2 19:28:23 2022,"弗兰·威尔士,菲利帕·鲍恩斯,斯蒂芬·辛克莱,彼得·杰克逊,J. R. R. 托尔金",2002
"菲利普·努瓦雷,雅克·贝汉,马克·莱昂纳蒂,萨瓦特利·卡西欧,莱奥波多·特里耶斯泰,安东内拉·阿蒂利,恩佐·卡拉瓦勒,艾萨·丹尼埃利,里奥·故罗塔,普佩拉·玛奇奥,阿格妮丝·那诺,塔诺·希玛罗萨,尼古拉·迪·平托,罗伯塔·蕾娜,尼诺·戴罗佐,玛丽娜·朱迪切,比阿特丽斯·帕姆,布丽吉特·佛西,朱塞佩·托纳多雷", 星光伴我心(港) / 新天堂乐园(台) / Cinema Paradiso,"剧情,爱情", 意大利 / 法国,朱塞佩·托纳多雷, tt0095765,"意大利南部小镇，古灵精怪的小男孩托托（萨瓦特利·卡西欧饰）喜欢看电影，更喜欢看放映师阿尔弗雷多（菲利浦·诺瓦雷饰）放电影，他和阿尔弗雷多成为了忘年之交，在胶片中找到了童年生活的乐趣。,好心的阿尔弗雷多为了让更多的观众看到电影，搞了一次露天电影，结果胶片着火了，托托把阿尔弗雷多从火海中救了出来，但阿尔弗雷多双目失明。托托成了小镇唯一会放电影的人，他接替阿尔弗雷多成了小镇的电影放映师。,托托（马克·莱昂纳蒂饰）渐渐长大，他爱上了银行家的女儿艾莲娜（阿格妮丝·那诺饰）。初恋的纯洁情愫美如天堂，但是一对小情侣的海誓山盟被艾莲娜父亲的阻挠给隔断了，托托去服兵役，而艾莲娜去念大学。伤心的托托在阿尔弗雷多的鼓励下，离开小镇，追寻自己生命中的梦想……,30年后，阿尔弗雷多去世，此时的托托已经是功成名就的导演，他回到了家乡，看到残破的天堂电影院，追忆往昔，唏嘘不已。", 意大利语,155分钟,天堂电影院 Nuovo Cinema Paradiso,https://movie.douban.com/subject/1291828/,,"2021-06-11(中国大陆),1988-11-17(意大利)",9.2,Sat Apr  2 19:28:26 2022,"朱塞佩·托纳多雷,瓦娜·波利",1988
"田中真弓,横泽启子,初井言荣,寺田农,常田富士男,永井一郎,糸博,鹫尾真知子,神山卓三,安原义人,槐柳二,鳕子", Tenkû no shiro Rapyuta / Laputa: Castle in the Sky,"动画,奇幻,冒险", 日本,宫崎骏, tt0092067,, 日语,125分钟,天空之城 天空の城ラピュタ,https://movie.douban.com/subject/1291583/,,"1992-05-01(中国大陆),1986-08-02(日本)",9.1,Sat Apr  2 19:28:28 2022,宫崎骏,1986
"莱昂纳多·迪卡普里奥,汤姆·汉克斯,克里斯托弗·沃肯,马丁·辛,艾米·亚当斯,詹妮弗·加纳,伊丽莎白·班克斯,纳塔莉·贝伊,詹姆斯·布洛林,艾伦·旁派,南希·利内翰,布莱恩·豪威 ,弗兰克·约翰·休斯,克里斯·埃里斯", 逍遥法外 / 捉智双雄(港) / 神鬼交锋(台) / 我知道你是谁 / 有种来抓我,"剧情,传记,犯罪", 美国 / 加拿大,史蒂文·斯皮尔伯格, tt0264464,"弗兰克（莱昂纳多·迪卡普里奥LeonardoDiCaprio饰）是FBI有史以来年龄最小的通缉犯。他的犯罪手段神通广大，伪装身份的能力超乎常人，全美各地几乎都留下他的犯罪足迹。乔装医生、律师、飞行员，统统都是他曾经的身份。当然，弗兰克凭着这个“本领”，骗取了高达几百万的金额。,活得逍遥快乐的弗兰克这次又成功伪造了一份学历证明，去医院做起了大夫。弗兰克不但在这里认识了护士布雷达（艾米·亚当斯AmyAdams饰），二人擦出爱火花，还通过布雷达的父亲得到了一份检察官助理的优差。然而，这只是暴风雨前夕——一双眼睛已经盯住了弗兰克，誓要把他绳之于法不可。这就是FBI探员卡尔（汤姆·汉克斯TomHanks饰）。,在研究追捕弗兰克的过程中，卡尔领教到这个犯罪天才的过人智商。他屡次被弗兰克这个黄毛小子捉弄，心里又恨又不得不佩服。每当弗兰克有惊无险地从他的精心布局中逃脱时，这个猫鼠游戏显得有趣起来……", 英语 / 法语,141 分钟,猫鼠游戏 Catch Me If You Can,https://movie.douban.com/subject/1305487/,,"2003-04-11(中国大陆),2002-12-16(洛杉矶首映),2002-12-25(美国)",9.1,Sat Apr  2 19:28:32 2022,杰夫·内桑森,2002
"周星驰,吴孟达,罗家英,蓝洁瑛,莫文蔚,江约诚,陆树铭,刘镇伟,朱茵,李健仁", 西游记101回月光宝盒 / 齐天大圣东游记 / 大话东游之一 / A Chinese Odyssey Part One - Pandora's Box,"喜剧,爱情,奇幻,古装", 中国香港 / 中国大陆,刘镇伟, tt0112778,, 粤语 / 汉语普通话,87分钟,大话西游之月光宝盒 西遊記第壹佰零壹回之月光寶盒,https://movie.douban.com/subject/1299398/,,"2014-10-24(中国大陆),1995-01-21(中国香港)",9.0,Sat Apr  2 19:28:36 2022,"刘镇伟,吴承恩",1995
"姜文,香川照之,袁丁,姜宏波,丛志军,李丛喜,泽田谦也,李海滨,蔡卫东,陈述,陈莲梅,史建全,陈强,宫路佳具,吴大维,梶冈润一,石山雄大,述平,姜武", Devils on the Doorstep,"剧情,喜剧", 中国大陆,姜文, tt0245929,, 汉语普通话 / 日语 / 唐山话,139分钟,鬼子来了,https://movie.douban.com/subject/1291858/,,"2000-05-12(戛纳电影节),2002-04-27(日本)",9.3,Sat Apr  2 19:28:40 2022,"姜文,史建全,述平,尤凤伟",2000
"苏拉·沙玛,伊尔凡·可汗,拉菲·斯波,阿迪勒·侯赛因,塔布,阿尤什·坦东,加塔姆·贝鲁尔,阿彦·汗,穆德·阿巴斯·卡勒里,维比什·希瓦库玛,热拉尔·德帕迪约,詹姆斯·塞托,俊·奈托,安德里亚·迪·斯戴法诺,沙拉万提·塞纳特,王柏杰,柯一正,黄健玮", 少年Pi的奇幻漂流 / 漂流少年Pi,"剧情,奇幻,冒险", 美国 / 中国台湾 / 英国 / 加拿大,李安, tt0454876,故事开始于蒙特娄，也结束于蒙特娄。一名在找寻灵感的作家（拉菲·斯波RafeSpall饰）无意间得知派·帕帖尔（伊尔凡·可汗IrrfanKhan饰）的传奇故事。派的父亲（阿迪勒·侯赛因AdilHussain饰）开了一家动物园。因这样特殊的生活环境，少年派（苏拉·沙玛SurajSharma饰）对信仰与人的本性自有一套看法。在派17岁那一年，他的父母决定举家移民加拿大以追求更好的生活，而他也必须离开他的初恋情人。在前往加拿大的船上，他们遇见一位残忍成性的法国厨师（杰拉尔·德帕迪约GérardDepardieu饰）。当天深夜在茫茫大海中，原本令派感到刺激无比的暴风雨一瞬间就成了吞噬货船的大灾难。派却奇迹般地活了下来，搭着救生船在太平洋上漂流，而且有一名最令人意想不到的同伴——理查德·帕克，一只孟加拉老虎。神奇的冒险旅程就这样意外开始了……, 英语 / 泰米尔语 / 法语 / 日语 / 印地语 / 汉语普通话,127分钟,少年派的奇幻漂流 Life of Pi,https://movie.douban.com/subject/1929463/,https://site.douban.com/foxmovies/,"2012-11-22(中国大陆),2012-09-28(纽约电影节),2012-11-21(美国)",9.1,Sat Apr  2 19:28:43 2022,"扬·马特尔,大卫·麦基",2012
"倍赏千惠子,木村拓哉,美轮明宏,我修院达也,神木隆之介,伊崎充则,大泉洋,大塚明夫,原田大二郎,加藤治子,都筑香弥子", 哈尔移动城堡(港) / 霍尔的移动城堡(台) / 呼啸山城 / 豪尔的机动城堡 / Howl's Moving Castle / Hauru no ugoku shiro,"动画,奇幻,冒险", 日本,宫崎骏, tt0347149,, 日语,119分钟,哈尔的移动城堡 ハウルの動く城,https://movie.douban.com/subject/1308807/,,"2004-09-05(威尼斯电影节),2004-11-20(日本)",9.1,Sat Apr  2 19:28:46 2022,"宫崎骏,黛安娜·温恩·琼斯",2004
"亨利·方达,马丁·鲍尔萨姆,约翰·菲德勒,李·科布,E.G.马绍尔,杰克·克卢格曼,爱德华·宾斯,杰克·瓦尔登,约瑟夫·史威尼,埃德·贝格利,乔治·沃斯科维奇,罗伯特·韦伯", 12怒汉,剧情, 美国,西德尼·吕美特, tt0050083,, 英语,96 分钟,十二怒汉 12 Angry Men,https://movie.douban.com/subject/1293182/,,1957-04-13(美国),9.4,Sat Apr  2 19:28:49 2022,雷金纳德·罗斯,1957
"徐峥,王传君,周一围,谭卓,章宇,杨新鸣,王佳佳,王砚辉,贾晨飞,龚蓓苾,宁浩,李乃文,岳小军,苇青,富冠铭,巴拉特·巴蒂,喜利图,张海艳,朱耕佑", 中国药神 / 印度药神 / 印度药商 / 生命之路 / Dying to Survive / Drug Dealer,"剧情,喜剧", 中国大陆,文牧野, tt7362036,, 汉语普通话 / 英语 / 上海话 / 印地语,117分钟,我不是药神,https://movie.douban.com/subject/26752088/,,"2018-07-05(中国大陆),2018-06-30(大规模点映)",9.0,Sat Apr  2 19:28:54 2022,"韩家女,钟伟,文牧野",2018
"赞恩·阿尔·拉菲亚,约丹诺斯·希费罗,博鲁瓦蒂夫·特雷杰·班科尔,卡萨尔·艾尔·哈达德,法迪·尤瑟夫,海塔·塞德拉·伊扎姆,阿拉·乔什涅,娜丁·拉巴基,埃利亚斯·库利,努尔·艾尔·侯赛尼", 迦百农 / 星仔打官司(港) / 我想有个家(台) / Cafarnaúm / Capernaum / Capharnaüm,剧情, 黎巴嫩 / 美国 / 法国 / 塞浦路斯 / 卡塔尔 / 英国,娜丁·拉巴基, tt8267604,, 阿拉伯语 / 阿姆哈拉语,126分钟,何以为家 كفرناحوم,https://movie.douban.com/subject/30170448/,,"2019-04-29(中国大陆),2018-05-17(戛纳电影节),2018-09-20(黎巴嫩)",9.1,Sat Apr  2 19:28:58 2022,"娜丁·拉巴基,吉哈德·霍加里,米歇尔·凯斯沃尼,乔治斯·哈巴兹,哈立德·穆扎纳",2018
"阿米尔·汗,法缇玛·萨那·纱卡,桑亚·玛荷塔,阿帕尔夏克提·库拉那,沙克希·坦沃,塞伊拉·沃西,苏哈妮·巴特纳格尔,里特维克·萨霍里,吉里什·库卡尼", 我和我的冠军女儿(台) / 打死不离3父女(港) / 摔跤吧！老爸 / 摔跤家族 / दंगल / Wrestling Competition,"剧情,家庭,传记,运动", 印度,涅提·蒂瓦里, tt5074352,, 印地语 / 英语,161分钟(印度),摔跤吧！爸爸 Dangal,https://movie.douban.com/subject/26387939/,,"2017-05-05(中国大陆),2016-12-23(印度)",9.0,Sat Apr  2 19:29:01 2022,"比于什·古普塔,施热亚·简,尼基尔·麦罗特拉,涅提·蒂瓦里",2016
"爱德华·阿斯纳,克里斯托弗·普卢默,乔丹·长井,鲍勃·彼德森,德尔罗伊·林多,杰罗姆·兰福特,约翰·拉岑贝格,大卫·卡耶,艾丽·道克特,杰里米·利里,米凯·麦高万,丹尼·曼恩,唐纳德·富利洛夫,杰斯·哈梅尔,乔什·库雷,彼特·道格特", 冲天救兵(港) / 天外奇迹(台) / 飞屋历险记,"剧情,喜剧,动画,冒险", 美国,"彼特·道格特,鲍勃·彼德森", tt1049413,"小男孩卡尔（CarlFredricksen）怀揣着对于冒险的热爱偶遇假小子艾丽（Ellie），而艾丽把整个屋子当成一艘大飞船游戏居然使他对这个女孩子有些着迷，相同的爱好最终使两个人成为了一生的爱侣。,他们有一个梦想，那就是有朝一日要去南美洲的“仙境瀑布”探险，但直到艾丽去世，这个梦想也未能实现。终于有一天，曾经专卖气球的老人卡尔居然用五颜六色的气球拽着他的房子飞上了天空，他决定要去实现他们未曾实现的梦想。令卡尔始料不及的是，门廊居然搭上了一个自称是“荒野开拓者”的小男孩小罗（Russell），小罗的喋喋不休让卡尔对这个小胖墩格外讨厌。,一老一少在飞行中经过了千难万险终于看到了传说中的“仙境瀑布”，在相处过程中卡尔发现小罗其实是个惹人怜爱的孩子。在步行穿越一座森林时，他们遇到了不会飞的大鸟凯文（Kevin）和一只会说话的狗狗逗逗（Dug），让老人惊讶的是他们还遇到了他少年的崇拜偶像——探险家查尔斯·蒙兹（CharlesMuntz），而且他发现蒙兹居然是一个为达目的不择手段的坏人。这时，老人离自己的梦想之地只有一步之遥……,本片荣获第82届奥斯卡最佳动画长片、最佳配乐2项大奖。", 英语,96分钟,飞屋环游记 Up,https://movie.douban.com/subject/2129039/,,"2009-08-04(中国大陆),2009-05-13(戛纳电影节),2009-05-29(美国)",9.1,Sat Apr  2 19:29:03 2022,"彼特·道格特,鲍勃·彼德森,汤姆·麦卡锡",2009
"薛景求,严志媛,李来,金海淑,金相浩,罗美兰,杨真诚,权泰元", 许愿 / 希望：为爱重生(台) / So-won / Hope,剧情, 韩国,李濬益, tt3153634,, 韩语,122分钟,素媛 소원,https://movie.douban.com/subject/21937452/,,2013-10-02(韩国),9.3,Sat Apr  2 19:29:07 2022,"金智慧,曹重勋,金成旭",2013
"费雯·丽,克拉克·盖博,奥利维娅·德哈维兰,托马斯·米切尔,芭芭拉·欧内尔,伊夫林·凯耶斯,安·卢瑟福德,乔治·里弗斯,弗莱德·克莱恩,海蒂·麦克丹尼尔斯,奥斯卡·波尔克,巴特弗莱·麦昆,维克托·乔里,埃弗雷特·布朗,霍华德·C·希克曼,艾丽西亚·瑞特,莱斯利·霍华德,兰德·布鲁克斯,卡洛尔·奈,劳拉·霍普·克鲁斯,埃迪·安德森,哈里·达文波特,利昂娜·罗伯特,简·达威尔,欧娜·满森,保罗·赫斯特,伊莎贝尔·朱尔,卡米·金·肯伦,艾瑞克·林登,J·M·克里根,沃德·邦德,莉莲·肯布尔-库珀", 飘,"剧情,爱情,历史,战争", 美国,"维克多·弗莱明,乔治·库克,山姆·伍德", tt0031381,, 英语,238分钟,乱世佳人 Gone with the Wind,https://movie.douban.com/subject/1300267/,,"1939-12-15(亚特兰大首映),1940-01-17(美国)",9.3,Sat Apr  2 19:29:10 2022,"玛格丽特·米歇尔,西德尼·霍华德,奥利弗·H·P·加勒特,本·赫克特,乔·斯沃林,约翰·范·德鲁登",1939
"伊利亚·伍德,西恩·奥斯汀,维果·莫腾森,奥兰多·布鲁姆,伊恩·麦克莱恩,肖恩·宾,多米尼克·莫纳汉,丽芙·泰勒,约翰·贝西,凯特·布兰切特,比利·博伊德,萨德文·布罗菲,阿利斯泰尔·布朗宁,马尔顿·索克斯,伯纳德·希尔,伊安·霍姆,布鲁斯·霍普金斯,Ian Hughes,劳伦斯·马克奥雷,诺埃尔·阿普利比,布雷特·麦肯齐,Alexandra Astin,Sarah McLeod,Maisy McLeod-Riera,约翰·诺贝尔,Paul Norell,米兰达·奥图,布鲁斯·菲利普斯,沙恩·朗吉,约翰·瑞斯-戴维斯,Todd Rippon,安迪·瑟金斯,Harry Sinclair,乔尔·托贝克,卡尔·厄本,史蒂芬·乌瑞,雨果·维文,大卫·文翰,阿兰·霍华德,萨拉·贝克,Robert Pollock,佩特·史密斯,杰德·布罗菲,菲利普·格里夫,布拉德·道里夫,克里斯托弗·李,布鲁斯·斯宾斯,吉诺·阿赛维多,Jarl Benzon,Jørn Benzon,Robert Catto,Michael Elsworth,彼得·杰克逊,Sandro Kopp,安德鲁·莱斯尼,约瑟夫·米卡-亨特,亨利·莫腾森,克雷格·帕克,克里斯蒂安·瑞沃斯,迈克尔·斯曼内科 ,霍华德·肖,约翰·斯蒂芬森,理查德·泰勒", 魔戒三部曲：王者再临(台/港) / 指环王III：王者无敌 / 魔戒3：王者归来 / 指环王3：国王归来 / 指环王3：皇上回宫(豆友译名),"剧情,动作,奇幻,冒险", 美国 / 新西兰,彼得·杰克逊, tt0167260,, 英语 / 昆雅语 / 古英语 / 辛达林语,201分钟,指环王3：王者无敌 The Lord of the Rings: The Return of the King,https://movie.douban.com/subject/1291552/,,"2004-03-12(中国大陆),2021-05-14(中国大陆重映),2003-12-17(美国)",9.3,Sat Apr  2 19:29:13 2022,"弗兰·威尔士,菲利帕·鲍恩斯,彼得·杰克逊,J. R. R. 托尔金",2003
"丹尼尔·雷德克里夫,艾玛·沃森,鲁伯特·格林特,艾伦·瑞克曼,玛吉·史密斯,汤姆·费尔顿,伊恩·哈特,理查德·哈里斯,约翰·赫特,罗彼·考特拉尼,朱丽·沃特斯,邦妮·怀特,约翰·克里斯,肖恩·比格斯代夫", 哈利波特1：神秘的魔法石(港/台) / 哈1 / Harry Potter and the Philosopher's Stone,"奇幻,冒险", 美国 / 英国,克里斯·哥伦布, tt0241527,, 英语,152分钟,哈利·波特与魔法石 Harry Potter and the Sorcerer's Stone,https://movie.douban.com/subject/1295038/,,"2002-01-26(中国大陆),2020-08-14(中国大陆重映),2001-11-04(英国首映),2001-11-16(美国)",9.1,Sat Apr  2 19:29:16 2022,"史蒂夫·克洛夫斯,J. K. 罗琳",2001
"葛优,巩俐,姜武,牛犇,郭涛,张璐,倪大红,肖聪,董飞,刘天池,董立范,黄宗洛,刘燕瑾,李连义,杨同顺", 人生 / Lifetimes / To Live,"剧情,家庭,历史", 中国大陆 / 中国香港,张艺谋, tt0110081,, 汉语普通话,132分钟,活着,https://movie.douban.com/subject/1292365/,,"1994-06-30(中国香港),1994-05-17(戛纳电影节)",9.3,Sat Apr  2 19:29:20 2022,"芦苇,余华",1994
"安东尼·冈萨雷斯,盖尔·加西亚·贝纳尔,本杰明·布拉特,阿兰娜·乌巴赫,芮妮·维克托,杰米·卡米尔,阿方索·阿雷奥,赫伯特·西古恩萨,加布里埃尔·伊格莱西亚斯,隆巴多·博伊尔,安娜·奥菲丽亚·莫吉亚,娜塔丽·科尔多瓦,赛琳娜·露娜,爱德华·詹姆斯·奥莫斯,索菲亚·伊斯皮诺萨,卡拉·梅迪纳,黛娅娜·欧特里,路易斯·瓦尔德斯,布兰卡·阿拉切利,萨尔瓦多·雷耶斯,切奇·马林,奥克塔维·索利斯,约翰·拉岑贝格", 玩转极乐园(港) / 可可夜总会(台) / 亡灵总动员(豆友译名) / 冥冥之中(豆友译名) / 墨西哥亡灵节 / 可可,"喜剧,动画,音乐,奇幻", 美国,"李·昂克里奇,阿德里安·莫利纳", tt2380307,, 英语 / 西班牙语,105分钟,寻梦环游记 Coco,https://movie.douban.com/subject/20495023/,,"2017-11-24(中国大陆),2020-07-20(中国大陆重映),2017-11-22(美国)",9.1,Sat Apr  2 19:29:24 2022,"阿德里安·莫利纳,马修·奥尔德里奇,李·昂克里奇,詹森·卡茨",2017
"克里斯蒂安·贝尔,希斯·莱杰,艾伦·艾克哈特,迈克尔·凯恩,玛吉·吉伦哈尔,加里·奥德曼,摩根·弗里曼,莫尼克·加布里埃拉·库尔内,罗恩·迪恩,基里安·墨菲,黄经汉,内斯特·卡博内尔,埃里克·罗伯茨,里特奇·科斯特,安东尼·迈克尔·豪尔,基斯·斯扎拉巴基克,柯林·麦克法兰,约书亚·哈尔托,美琳达·麦格劳,内森·甘宝,迈克尔·维约,迈克尔·斯托扬诺夫,威廉·斯米利,丹尼·高德林,迈克尔·加·怀特,马修·奥尼尔,威廉·菲克纳,欧鲁米基·欧拉乌米,格雷格·比姆,爱利克·赫尔曼,毕崔斯·罗森,文森佐·尼克力,陈冠希", 蝙蝠侠前传2：黑暗骑士 / 黑暗骑士(台) / 蝙蝠侠-黑夜之神(港) / 蝙蝠侠6：暗夜骑士 / Batman: The Dark Knight / TDK,"剧情,动作,科幻,惊悚,犯罪", 美国 / 英国,克里斯托弗·诺兰, tt0468569,"从亲眼目睹父母被人杀死的阴影中走出来的“蝙蝠侠”，经历了成长之后，已经不再是那个桀骜不的孤单英雄了。在警官吉姆·戈登和检查官哈维·登特的通力帮助下，“蝙蝠侠”无后顾之忧地继续满世界的奔波，与日益增长起来的犯罪威胁做着永无休止的争斗，而他所在的高谭市，也是进展最为明显的地方，犯罪率以一种惊人的速度持续下降着，毕竟对方是能够上天入地的“蝙蝠侠”，不借两个胆子谁还敢造次呢？不过像高谭这种科技与污秽并存的城市，平静是不可能维持太久的，果不其然，新一轮的混乱很快就席卷了整个城市，人们再一被被恐慌所笼罩着，而声称愿意为这一切负责的，自然就是所有混乱的源头以及支配者--“小丑”了。,先不管“小丑”掀起一个又一个犯罪的狂潮的最终目的为何，他的企图都是邪恶的，所作所为更是早就危害到了高谭市民的正常生活……其中自然包括了“蝙蝠侠”身边几个非常重要的人，而他需要做的，就是将这股新的危机全部亲自用手捏得粉碎。然而在面对着这个有史以来最具针对性、最恶毒的对手时，“蝙蝠侠”却不得不从他的地下军械库里搬出每一件能够用得上的高科技武器，还得时刻纠结着为他曾经信仰的一切寻找答案。", 英语 / 汉语普通话,152分钟,蝙蝠侠：黑暗骑士 The Dark Knight,https://movie.douban.com/subject/1851857/,,"2008-07-14(纽约首映),2008-07-18(美国)",9.2,Sat Apr  2 19:29:26 2022,"乔纳森·诺兰,克里斯托弗·诺兰,大卫·S·高耶",2008
"尊龙,陈冲,邬君梅,彼得·奥图尔,英若诚,吴涛,黄自强,丹尼斯·邓,坂本龙一,马吉·汉,里克·扬,田川洋行,苟杰德,理查德·吴,皱缇格,陈凯歌,卢燕,区亨利,陈述,鲍皓昕,黄文捷,邵茹贞,亨利·基,张良斌,梁冬,康斯坦丁·格雷戈里,黄汉琪,王涛,宋怀桂,蔡鸿翔,程淑艳,张天民", 末代皇帝溥仪(港),"剧情,传记,历史", 英国 / 意大利 / 中国大陆 / 法国,贝纳尔多·贝托鲁奇, tt0093389,, 英语 / 汉语普通话 / 日语,163分钟,末代皇帝 The Last Emperor,https://movie.douban.com/subject/1293172/,,"1987-10-04(东京国际电影节),1987-10-23(意大利)",9.3,Sat Apr  2 19:29:30 2022,"贝纳尔多·贝托鲁奇,马克·派普罗",1987
"日高法子,坂本千夏,糸井重里,岛本须美,北林谷荣,高木均,雨笠利幸,丸山裕子,广濑正志,鹫尾真知子,铃木玲子,千叶繁,龙田直树,鳕子,西村朋纮,石田光子,神代知衣,中村大树,水谷优子,平松晶子,大谷育江", 邻居托托罗 / 邻家的豆豆龙 / 隔壁的特特罗 / Tonari no Totoro / My Neighbor Totoro,"动画,奇幻,冒险", 日本,宫崎骏, tt0096283,, 日语,86分钟,龙猫 となりのトトロ,https://movie.douban.com/subject/1291560/,,"2018-12-14(中国大陆),1988-04-16(日本)",9.2,Sat Apr  2 19:29:34 2022,宫崎骏,1988
"莱昂纳多·迪卡普里奥,约瑟夫·高登-莱维特,艾利奥特·佩吉,汤姆·哈迪,渡边谦,迪利普·劳,基里安·墨菲,汤姆·贝伦杰,玛丽昂·歌迪亚,皮特·波斯尔思韦特,迈克尔·凯恩,卢卡斯·哈斯,李太力,克莱尔·吉尔蕾,马格努斯·诺兰,泰勒·吉蕾,乔纳森·吉尔,水源士郎,冈本玉二,厄尔·卡梅伦,瑞恩·海沃德,米兰达·诺兰,拉什·费加,蒂姆·科勒赫,妲露拉·莱莉", 潜行凶间(港) / 全面启动(台) / 奠基 / 心灵犯案 / 记忆迷阵 / 记忆魔方,"剧情,科幻,悬疑,冒险", 美国 / 英国,克里斯托弗·诺兰, tt1375666,道姆·柯布（莱昂纳多·迪卡普里奥LeonardoDiCaprio饰）与同事阿瑟（约瑟夫·戈登-莱维特JosephGordon-Levitt饰）和纳什（卢卡斯·哈斯LukasHaas饰）在一次针对日本能源大亨齐藤（渡边谦饰）的盗梦行动中失败，反被齐藤利用。齐藤威逼利诱因遭通缉而流亡海外的柯布帮他拆分他竞争对手的公司，采取极端措施在其唯一继承人罗伯特·费希尔（希里安·墨菲CillianMurphy饰）的深层潜意识中种下放弃家族公司、自立门户的想法。为了重返美国，柯布偷偷求助于岳父迈尔斯（迈克尔·凯恩MichaelCaine饰），吸收了年轻的梦境设计师艾里阿德妮（艾伦·佩吉EllenPage饰）、梦境演员艾姆斯（汤姆·哈迪TomHardy饰）和药剂师约瑟夫（迪利普·劳DileepRao饰）加入行动。在一层层递进的梦境中，柯布不仅要对付费希尔潜意识的本能反抗，还必须直面已逝妻子梅尔（玛丽昂·歌迪亚MarionCotillard饰）的处处破坏，实际情况远比预想危险得多……, 英语 / 日语 / 法语,148分钟,盗梦空间 Inception,https://movie.douban.com/subject/3541415/,https://site.douban.com/106310/,"2010-09-01(中国大陆),2020-08-28(中国大陆重映),2010-07-16(美国)",9.4,Sat Apr  2 19:29:42 2022,克里斯托弗·诺兰,2010
"连姆·尼森,本·金斯利,拉尔夫·费因斯,卡罗琳·古多尔,乔纳森·萨加尔,艾伯丝·戴维兹,马尔戈萨·格贝尔,马克·伊瓦涅,碧翠斯·马科拉,安德烈·瑟韦林,弗里德里希·冯·图恩,克齐斯茨托夫·拉夫特,诺伯特·魏塞尔,维斯瓦夫·科马萨", 舒特拉的名单(港) / 辛德勒名单,"剧情,历史,战争", 美国,史蒂文·斯皮尔伯格, tt0108052,, 英语 / 希伯来语 / 德语 / 波兰语,195分钟,辛德勒的名单 Schindler's List,https://movie.douban.com/subject/1295124/,,"1993-11-30(华盛顿首映),1994-02-04(美国)",9.6,Sat Apr  2 19:29:45 2022,"托马斯·肯尼利,斯蒂文·泽里安",1993
"柊瑠美,入野自由,夏木真理,菅原文太,中村彰男,玉井夕海,神木隆之介,内藤刚志,泽口靖子,我修院达也,大泉洋,小林郁夫,上条恒彦,小野武彦", 神隐少女(台) / 千与千寻的神隐 / Spirited Away / A Voyage of Chihiro / Sen to Chihiro no kamikakushi,"剧情,动画,奇幻", 日本,宫崎骏, tt0245429,, 日语,125分钟,千与千寻 千と千尋の神隠し,https://movie.douban.com/subject/1291561/,,"2019-06-21(中国大陆),2001-07-20(日本)",9.4,Sat Apr  2 19:29:49 2022,宫崎骏,2001
"罗伯托·贝尼尼,尼可莱塔·布拉斯基,乔治·坎塔里尼,朱斯蒂诺·杜拉诺,赛尔乔·比尼·布斯特里克,玛丽萨·帕雷德斯,霍斯特·布赫霍尔茨,利迪娅·阿方西,朱利亚娜·洛约迪切,亚美利哥·丰塔尼,彼得·德·席尔瓦,弗朗西斯·古佐,拉法埃拉·莱博罗尼,克劳迪奥·阿方西,吉尔·巴罗尼,马西莫·比安奇,恩尼奥·孔萨尔维,吉安卡尔洛·科森蒂诺,阿伦·克雷格,汉尼斯·赫尔曼,弗兰科·梅斯科利尼,安东尼奥·普雷斯特,吉娜·诺维勒,理查德·塞梅尔,安德烈提多娜,迪尔克·范登贝格,奥梅罗·安东努蒂", 一个快乐的传说(港) / Life Is Beautiful,"剧情,喜剧,爱情,战争", 意大利,罗伯托·贝尼尼, tt0118799,, 意大利语 / 德语 / 英语,116分钟,美丽人生 La vita è bella,https://movie.douban.com/subject/1292063/,,"2020-01-03(中国大陆),1997-12-20(意大利)",9.6,Sat Apr  2 19:29:53 2022,"温琴佐·切拉米,罗伯托·贝尼尼",1997
"让·雷诺,娜塔莉·波特曼,加里·奥德曼,丹尼·爱罗,彼得·阿佩尔,迈克尔·巴达鲁科,艾伦·格里尼,伊丽莎白·瑞根,卡尔·马图斯维奇,弗兰克·赛格,麦温,乔治·马丁,罗伯特·拉萨多,亚当·布斯奇,马里奥·托迪斯科,萨米·纳塞利", 终极追杀令(台) / 杀手莱昂 / 杀手里昂 / Leon / Leon: The Professional,"剧情,动作,犯罪", 法国 / 美国,吕克·贝松, tt0110413,, 英语 / 意大利语 / 法语,110分钟(剧场版),这个杀手不太冷 Léon,https://movie.douban.com/subject/1295644/,,1994-09-14(法国),9.4,Sat Apr  2 19:29:57 2022,吕克·贝松,1994
"莱昂纳多·迪卡普里奥,凯特·温丝莱特,比利·赞恩,凯西·贝茨,弗兰西丝·费舍,格劳瑞亚·斯图尔特,比尔·帕克斯顿,伯纳德·希尔,大卫·沃纳,维克多·加博,乔纳森·海德,苏茜·爱米斯,刘易斯·阿伯内西,尼古拉斯·卡斯柯恩,阿那托利·萨加洛维奇,丹尼·努齐,杰森·贝瑞,伊万·斯图尔特,艾恩·格拉法德,乔纳森·菲利普斯,马克·林赛·查普曼,理查德·格拉翰,保罗·布赖特威尔,艾瑞克·布里登,夏洛特·查顿,博纳德·福克斯,迈克尔·英塞恩,法妮·布雷特,马丁·贾维斯,罗莎琳·艾尔斯,罗切尔·罗斯,乔纳森·伊万斯-琼斯,西蒙·克雷恩,爱德华德·弗莱彻,斯科特·安德森,马丁·伊斯特,克雷格·凯利,格雷戈里·库克,利亚姆·图伊,詹姆斯·兰开斯特,艾尔莎·瑞雯,卢·帕尔特,泰瑞·佛瑞斯塔,凯文·德·拉·诺伊", 铁达尼号(港/台),"剧情,爱情,灾难", 美国 / 墨西哥 / 澳大利亚 / 加拿大,詹姆斯·卡梅隆, tt0120338,, 英语 / 意大利语 / 德语 / 俄语,194分钟,泰坦尼克号 Titanic,https://movie.douban.com/subject/1292722/,,"1998-04-03(中国大陆),1997-11-01(东京电影节),1997-12-19(美国)",9.4,Sat Apr  2 19:30:00 2022,詹姆斯·卡梅隆,1997
"汤姆·汉克斯,罗宾·怀特,加里·西尼斯,麦凯尔泰·威廉逊,莎莉·菲尔德,海利·乔·奥斯蒙,迈克尔·康纳·亨弗里斯,哈罗德·G·赫瑟姆,山姆·安德森,伊俄涅·M·特雷奇,彼得·道博森,希博汗·法隆,伊丽莎白·汉克斯,汉娜·豪尔,克里斯托弗·琼斯,罗布·兰德里,杰森·麦克奎尔,桑尼·施罗耶,艾德·戴维斯,丹尼尔C.斯瑞派克,大卫·布里斯宾,德博拉·麦克蒂尔,艾尔·哈林顿,阿非莫·奥米拉,约翰·沃德斯塔德,迈克尔·伯吉斯,埃里克·安德伍德,拜伦·明斯,斯蒂芬·布吉格沃特,约翰·威廉·高尔特,希拉里·沙普兰,伊莎贝尔·罗斯,理查德·达历山德罗,迪克·史迪威,迈克尔-杰斯,杰弗里·布莱克,瓦妮莎·罗斯,迪克·卡维特,马拉·苏查雷特扎,乔·阿拉斯奇,W·本森·泰瑞", 福雷斯特·冈普,"剧情,爱情", 美国,罗伯特·泽米吉斯, tt0109830,, 英语,142分钟,阿甘正传 Forrest Gump,https://movie.douban.com/subject/1292720/,,"1994-06-23(洛杉矶首映),1994-07-06(美国)",9.5,Sat Apr  2 19:30:04 2022,"艾瑞克·罗斯,温斯顿·格鲁姆",1994
"姜文,葛优,周润发,刘嘉玲,陈坤,张默,姜武,周韵,廖凡,姚橹,邵兵,苗圃,冯小刚,胡军,马珂,白冰,杜奕衡,李静,胡明,危笑,杨奇雨,赵铭", 让子弹飞一会儿 / 火烧云 / Let The Bullets Fly,"剧情,喜剧,动作,西部", 中国大陆 / 中国香港,姜文, tt1533117,, 汉语普通话 / 四川话 / 山西话,132分钟,让子弹飞,https://movie.douban.com/subject/3742360/,https://site.douban.com/106755/,2010-12-16(中国大陆),8.9,Sat Apr  2 19:30:10 2022,"朱苏进,述平,姜文,郭俊立,危笑,李不空,马识途",2010
"萨姆·沃辛顿,佐伊·索尔达娜,西格妮·韦弗,史蒂芬·朗,米歇尔·罗德里格兹,吉奥瓦尼·瑞比西,乔·大卫·摩尔 ,希·庞德,韦斯·斯塔迪,拉兹·阿隆索,迪利普·劳,马特·杰拉德,肖恩·安东尼·莫兰", 天神下凡(港) / 化身 / 异次元战神 / 神之化身,"动作,科幻,冒险", 美国,詹姆斯·卡梅隆, tt0499549,"战斗中负伤而下身瘫痪的前海军战士杰克·萨利（萨姆·沃辛顿SamWorthington饰）决定替死去的同胞哥哥来到潘多拉星操纵格蕾丝博士（西格妮·韦弗SigourneyWeaver饰）用人类基因与当地纳美部族基因结合创造出的“阿凡达”混血生物。杰克的目的是打入纳美部落，外交说服他们自愿离开世代居住的家园，从而SecFor公司可砍伐殆尽该地区的原始森林，开采地下昂贵的“不可得”矿。在探索潘多拉星的过程中，杰克遇到了纳美部落的公主娜蒂瑞（佐伊·索尔达娜ZoeSaldana饰），向她学习了纳美人的生存技能与对待自然的态度。与此同时，SecFor公司的经理和军方代表上校迈尔斯（史蒂芬·朗StephenLang饰）逐渐丧失耐心，决定诉诸武力驱赶纳美人……,本片采用3D技术拍摄，共耗资5亿美元制作发行，是电影史上最为昂贵的作品。本片荣获第82届奥斯卡最佳摄影、最佳视觉效果、最佳艺术指导等3项大奖。", 英语 / 西班牙语,162分钟,阿凡达 Avatar,https://movie.douban.com/subject/1652587/,,"2010-01-04(中国大陆),2021-03-12(中国大陆重映),2009-12-18(美国)",8.8,Sat Apr  2 19:30:17 2022,詹姆斯·卡梅隆,2009
"默罕默德·阿米尔·纳吉,法拉赫阿米尔·哈什米安,巴哈丽·西迪奇,纳菲丝·贾法-穆罕默迪,费雷什特·萨拉班迪,Dariush Mokhtari,克里斯托弗·马利基", 天堂的孩子 / 小童鞋 / Children of Heaven / Bacheha-Ye aseman / بچههای آسمان,"剧情,家庭,儿童", 伊朗,马基德·马基迪, tt0118849,, 波斯语,89分钟,小鞋子 بچه های آسمان,https://movie.douban.com/subject/1303021/,,"1997-02-01(曙光旬国际电影节),1999-01-22(美国)",9.2,Sat Apr  2 19:30:21 2022,马基德·马基迪,1997
"杰克·尼科尔森,丹尼·德维托,克里斯托弗·洛伊德,路易丝·弗莱彻,威尔·萨姆森,特德·马克兰德,布拉德·道里夫,斯加特曼·克罗索斯,迈克尔·贝里曼,彼得·布罗科,穆瓦科·卡姆布卡,威廉·达尔,乔西普·艾利克,西德尼·拉斯克,凯·李,德怀特·马费尔德,路易莎·莫里茨,威廉·雷德菲尔德,菲利普·罗斯,米米·萨奇席恩,文森特·斯卡维利,米斯·斯马尔,德罗斯·V·史密斯", 飞越杜鹃窝(台) / 飞越喜鹊巢,剧情, 美国,米洛斯·福尔曼, tt0073486,, 英语,133分钟,飞越疯人院 One Flew Over the Cuckoo's Nest,https://movie.douban.com/subject/1292224/,,1975-11-19(美国),9.1,Sat Apr  2 19:30:25 2022,"劳伦斯·奥邦,博·古德曼,肯·凯西,达尔·瓦瑟曼",1975
"朱莉·安德鲁斯,克里斯托弗·普卢默,埃琳诺·帕克,理查德·海顿,佩吉·伍德,查尔敏·卡尔,希瑟·孟席斯-尤里克,尼古拉斯·哈蒙德,杜安·蔡斯,安吉拉·卡特怀特,黛比·特纳,基姆·卡拉思,安娜·李,波希娅·纳尔逊,本·怀特,丹尼尔·特鲁希特,诺玛·威登,吉尔克里斯特·斯图尔特,马妮·尼克松,埃瓦德妮·贝克,多丽丝·劳埃德,格特鲁德·阿斯特,弗兰克·贝克,史蒂夫·卡鲁瑟斯,山姆·哈里斯,多罗西·吉金斯,利奥达·理查德斯,杰弗里·塞尔,伯纳德·赛尔,诺尔曼·斯蒂凡斯,伯特史蒂文斯,玛丽亚·冯·特拉普", 仙乐飘飘处处闻(港) / 真善美(台) / 一个叛逆修女的故事,"剧情,爱情,歌舞,传记", 美国,罗伯特·怀斯, tt0059742,, 英语 / 德语,174分钟,音乐之声 The Sound of Music,https://movie.douban.com/subject/1294408/,,1965-03-02(美国),9.1,Sat Apr  2 19:30:27 2022,"乔治·胡达勒克,霍华德·林赛,拉塞尔·克劳斯,恩斯特·莱赫曼,玛丽亚·冯·特拉普",1965
"汤姆·汉克斯,汤姆·塞兹摩尔,爱德华·伯恩斯,巴里·佩珀,亚当·戈德堡,范·迪塞尔,吉奥瓦尼·瑞比西,杰瑞米·戴维斯,马特·达蒙,特德·丹森,保罗·吉亚玛提,丹尼斯·法里纳,马克斯·马蒂尼,丹兰·布鲁诺,丹尼尔·切尔奎拉,迪米特里·格里特萨斯,史蒂夫·格里芬,彼得·迈尔斯,亚当·肖,罗尔夫·萨克森,克里·约翰逊,洛克兰·艾肯,尚恩·约翰逊,莱尔德·曼辛托斯,安德鲁·斯科特,马修·夏普,文森特·沃尔什,约翰·沙拉恩,马丁·哈伯,罗非洛·迪格托勒,恩里奇·雷德曼,米歇尔·埃文斯,内森·菲利安,利兰·奥瑟,大卫·维格,瑞恩·赫斯特,哈威·普雷斯内尔,代尔·戴,布莱恩·科兰斯顿,大卫·沃尔,埃里克·罗兰,哈里逊·杨,凯思琳·拜荣,约翰·德·兰西,詹姆斯·恩布里,德里克·李,若昂·科斯塔·梅内塞斯,马克·施泰因迈尔", 雷霆救兵(港) / 抢救雷恩大兵(台) / 拯救大兵雷恩,"剧情,战争", 美国,史蒂文·斯皮尔伯格, tt0120815,, 英语 / 法语 / 德语 / 捷克语,169分钟,拯救大兵瑞恩 Saving Private Ryan,https://movie.douban.com/subject/1292849/,,"1998-11-13(中国大陆),1998-07-24(美国)",9.1,Sat Apr  2 19:30:32 2022,罗伯特·罗达特,1998
"马里奥·卡萨斯,阿娜·瓦格纳,何塞·科罗纳多,巴巴拉·莱涅,弗兰塞斯克·奥雷利亚,帕科·图斯,大卫·塞尔瓦斯,伊尼戈·加斯特西,圣·耶拉莫斯,马内尔·杜维索,布兰卡·马丁内斯,佩雷·布拉索,霍尔迪·布鲁内特,鲍比·冈萨雷斯,玛蒂娜·乌尔塔多", 死无对证(港) / 布局(台) / The Invisible Guest,"剧情,悬疑,惊悚,犯罪", 西班牙,奥里奥尔·保罗, tt4857264,, 西班牙语,106分钟,看不见的客人 Contratiempo,https://movie.douban.com/subject/26580232/,,"2017-09-15(中国大陆),2016-09-23(奇幻电影节),2017-01-06(西班牙)",8.8,Sat Apr  2 19:30:35 2022,奥里奥尔·保罗,2016
"张国荣,张丰毅,巩俐,葛优,英达,蒋雯丽,吴大维,吕齐,雷汉,尹治,马明威,费振翔,智一桐,李春,赵海龙,李丹,童弟,沈慧芬,黄斐,徐杰", 再见，我的妾 / Farewell My Concubine / Adieu Ma Concubine,"剧情,爱情,同性", 中国大陆 / 中国香港,陈凯歌, tt0106332,, 汉语普通话,171分钟,霸王别姬,https://movie.douban.com/subject/1291546/,,"1993-07-26(中国大陆),1993-01-01(中国香港)",9.6,Sat Apr  2 19:30:35 2022,"芦苇,李碧华",1993
"莫妮卡·贝鲁奇,朱塞佩·苏尔法罗,Luciano Federico,玛蒂尔德·皮亚纳,Pietro Notarianni,Gaetano Aronica,Gilberto Idonea,Angelo Pellegrino,Gabriella Di Luzio,Pippo Provvidenti,埃丽萨·莫鲁奇,奥罗拉·夸特罗基,露琪亚·萨多,瓦尼·布拉马蒂,Salvatore Martino,安东内洛·普利西,Noam Morgensztern", 真爱伴我行(台) / 玛莲娜 / 玛琳娜,"剧情,情色,战争", 意大利 / 美国,朱塞佩·托纳多雷, tt0213847,"当我还只是十三岁时，1941年春末的那一天，我初次见到了她那一天，墨索里尼向英法宣战，而我，得到了生命里的第一辆脚踏车。,她，撩著波浪状黑亮的秀发，穿著最时髦的短裙和丝袜，踏著充满情欲诱惑的高跟鞋，来到了西西里岛上宁静的阳光小镇。她的一举一动都引人瞩目、勾人遐想，她的一颦一笑都教男人心醉、女人羡妒。玛莲娜，像个女神一般，征服了这个海滨的天堂乐园。,年仅十三岁的雷纳多也不由自主地掉进了玛莲娜所掀起的漩涡之中，他不仅跟著其他年纪较大的青少年们一起骑著单车，穿梭在小镇的各个角落，搜寻著玛莲娜的诱人丰姿与万种风情，还悄悄地成为她不知情的小跟班，如影随形地跟监、窥视她的生活。她摇曳的倩影、她聆听的音乐、她贴身的衣物都成为这个被荷尔蒙淹没的少年，最真实、最美好的情欲幻想。,然而，透过雷纳多的眼，我们也看到了玛莲娜掉进了越来越黑暗的处境之中，她变成了寡妇，而在镇民们的眼中，她也成了不折不扣的祸水，带来了淫欲、嫉妒与忿怒，而一股夹杂著情欲与激愤的风暴，开始袭卷这个连战争都未曾侵扰的小镇。,玛莲娜一步步地沉沦，与父亲断绝了关系、被送上法院，更失去了所有的财产，这使得向来天真、不经世事的雷纳多，被迫面对这纯朴小镇中，人心的残暴无情，看著已经一无所有的玛莲娜，雷纳多竟鼓起了他所不曾有过的勇气，决定靠著他自己的力量，以一种教人难以料想的方式，来帮助玛莲娜走出生命的泥沼……", 意大利语 / 英语 / 拉丁语 / 古希腊语,109 分钟,西西里的美丽传说 Malèna,https://movie.douban.com/subject/1292402/,,2000-10-27(意大利),8.9,Sat Apr  2 19:30:38 2022,"朱塞佩·托纳多雷,卢恰诺·温琴佐尼",2000
"杰森·弗莱明,德克斯特·弗莱彻,尼克·莫兰,杰森·斯坦森,斯蒂文·麦金托什,斯汀,维尼·琼斯", 够姜四小强(港) / 两根枪管(台) / 两只老烟枪 / 魔高一丈 / 两杆老烟枪,"剧情,喜剧,犯罪", 英国,盖·里奇, tt0120735,, 英语,107分钟,"两杆大烟枪 Lock, Stock and Two Smoking Barrels",https://movie.douban.com/subject/1293350/,,1998-08-28(英国),9.1,Sat Apr  2 19:30:43 2022,盖·里奇,1998
"阿萨·巴特菲尔德,维拉·法米加,卡拉·霍根,祖萨·霍尔,安贝尔·比蒂,拉斯洛·阿隆,大卫·休里斯,理查德·约翰逊,谢拉·汉考克,伊凡·弗雷贝利,贝拉·费斯彼姆,阿提拉·埃杰德,鲁伯特·弗兰德,大卫·海曼,吉姆·诺顿,杰克·塞隆,米哈利·绍鲍多什,泽索特·萨法尔·科夫卡,奥索利亚·茱莉娅·帕普", 穿条纹衣服的男孩 / 穿条纹衣的男孩,"剧情,战争", 英国 / 美国,马克·赫尔曼, tt0914798,, 英语 / 西班牙语,94分钟,穿条纹睡衣的男孩 The Boy in the Striped Pajamas,https://movie.douban.com/subject/3008247/,,"2008-09-12(英国),2008-11-07(美国)",9.2,Sat Apr  2 19:30:46 2022,"约翰·伯恩,马克·赫尔曼",2008
"中山美穗,丰川悦司,酒井美纪,柏原崇,范文雀,篠原胜之,铃木庆一,田口智朗,加贺麻理子,光石研,铃木兰兰,盐见三省,中村久美,梅田凡乃,长田江身子 ,小栗香织,神户浩,酒井敏也,山口诗史,山崎一,德井优,武藤寿美", When I Close My Eyes / Letters of Love,"剧情,爱情", 日本,岩井俊二, tt0113703,, 日语,117分钟,情书 Love Letter,https://movie.douban.com/subject/1292220/,,"1999-03(中国大陆),2021-05-20(中国大陆重映),1995-03-25(日本)",8.9,Sat Apr  2 19:30:51 2022,岩井俊二,1995
"乌尔里希·穆埃,马蒂娜·格德克,塞巴斯蒂安·科赫,乌尔里希·图库尔,托马斯·蒂梅,汉斯-尤韦·鲍尔,沃克马·克莱纳特,马提亚斯·布伦纳,查理·哈纳,赫伯特·克瑙普,巴斯蒂安·特罗斯特,玛丽·格鲁伯,维尔纳·德恩,马丁·布拉姆马赫,托马斯·阿诺德,辛纳克·勋纳曼,路德韦格·布洛克伯格,迈克尔·格伯,吉塔·施维赫夫,希尔德加德·斯罗德,伊嘉·比肯费尔德,凯·伊沃·保利兹,克劳斯·芒斯特", 窃听者(港) / 他人的生活 / 别人的生活 / 别样人生 / The Lives of Others,"剧情,悬疑", 德国,弗洛里安·亨克尔·冯·多纳斯马尔克, tt0405094,, 德语,137分钟,窃听风暴 Das Leben der Anderen,https://movie.douban.com/subject/1900841/,,2006-03-23(德国),9.2,Sat Apr  2 19:30:54 2022,弗洛里安·亨克尔·冯·多纳斯马尔克,2006
"凯特·布兰切特,布拉德·皮特,朱莉娅·奥蒙德,芳妮·A·钱勃丝,伊莱亚斯·科泰斯,杰森·弗莱明,大卫·詹森,蒂尔达·斯文顿,艾丽·范宁,乔安娜·塞勒,乔什·斯图沃特,丹尼·文森,塔拉吉·P·汉森,马赫沙拉·阿里,菲奥娜·黑尔,唐娜·杜普兰提尔,兰斯·E·尼克尔斯,特德·曼森,克莱·卡伦,菲利斯·萨莫维尔,杰瑞德·哈里斯,麦迪逊·贝蒂,汤姆·埃沃雷特,克里斯托弗·马克斯韦尔,伊利亚·沃里克", 奇幻逆缘(港) / 班杰明的奇幻旅程(台) / 返老还童,"剧情,爱情,奇幻", 美国,大卫·芬奇, tt0421715,, 英语 / 俄语 / 法语,166分钟,本杰明·巴顿奇事 The Curious Case of Benjamin Button,https://movie.douban.com/subject/1485260/,,2008-12-25(美国),9.0,Sat Apr  2 19:31:00 2022,"艾瑞克·罗斯,罗宾·史威考德,F·司各特·菲茨杰拉德",2008
"罗素·克劳,艾德·哈里斯,詹妮弗·康纳利,克里斯托弗·普卢默,保罗·贝坦尼,亚当·戈德堡,乔什·卢卡斯,安东尼·拉普,贾森·加里-斯坦福德,贾德·赫希,奥斯汀·潘德尔顿,薇薇·卡登尼,吉莉·西蒙,维克多·斯坦巴赫,坦娅·克拉克,罗伊·辛尼斯,谢丽尔·霍华德,兰斯·霍华德,简·詹金斯,乔什·帕斯,瓦伦蒂娜·卡迪纳利,蒂格尔·F·伯格里,迈克尔·埃斯佩尔,艾米·瓦尔兹,小艾德.朱普,卡拉·奥奇格罗索,斯特里奥·萨万特,迈克尔·阿伯特,雷吉·奥斯汀,凯德·比特纳,理查·布莱恩特,丹·陈,乔纳·福尔肯,法布里奇奥·范特,斯科特·费恩斯特罗姆,迈克尔·菲奥里,塞斯·盖贝尔,埃文·哈特,杰森·霍顿,布莱丝·达拉斯·霍华德,朗·霍华德,多里·曼佐尔,罗伯特·迈尔斯,里德·彭尼,米尔斯·彼埃尔,肖恩·里德", 有你终生美丽(港) / 美丽境界(台) / 完美大脑,"剧情,传记", 美国,朗·霍华德, tt0268978,, 英语,135分钟,美丽心灵 A Beautiful Mind,https://movie.douban.com/subject/1306029/,,"2001-12-13(加州首映),2002-01-04(美国)",9.1,Sat Apr  2 19:31:06 2022,"阿齐瓦·高斯曼,西尔维娅·纳萨尔",2001
"郎雄,杨贵媚,吴倩莲,王渝文,张艾嘉,归亚蕾,赵文瑄,陈昭荣,陈捷文,卢金城,唐语谦,洪其德,王瑞,杜满生,王玨,陈妤,左正芬,许敬民,聂卓晶,丁仲", Eat Drink Man Woman,"剧情,家庭", 中国台湾 / 美国,李安, tt0111797,, 汉语普通话 / 闽南语 / 湖南话,124分钟,饮食男女 飲食男女,https://movie.douban.com/subject/1291818/,,1994-08-03(美国),9.2,Sat Apr  2 19:31:06 2022,"李安,王蕙玲,詹姆斯·夏慕斯",1994
"爱德华·诺顿,布拉德·皮特,海伦娜·伯翰·卡特,扎克·格雷尼尔,米特·洛夫,杰瑞德·莱托,艾恩·贝利,里奇蒙德·阿奎特,乔治·马奎尔", 搏击会(港) / 斗阵俱乐部(台) / 格斗俱乐部,"剧情,动作,悬疑,惊悚", 美国 / 德国 / 意大利,大卫·芬奇, tt0137523,, 英语,139 分钟,搏击俱乐部 Fight Club,https://movie.douban.com/subject/1292000/,,"1999-09-10(威尼斯电影节),1999-10-15(美国)",9.0,Sat Apr  2 19:31:07 2022,"恰克·帕拉尼克,吉姆·乌尔斯",1999
"林原惠美,江守彻,堀胜之祐,古谷彻,大塚明夫,山寺宏一,田中秀幸,兴梠里美,岩田光央,爱河里花子,川濑晶子,太田真一郎,福松进纱,胜杏里,宫下荣治,三户耕三,今敏,筒井康隆", 盗梦侦探(港/台) / 帕布莉卡 / Paprika,"科幻,动画,悬疑,惊悚", 日本,今敏, tt0851578,, 日语,90 分钟,红辣椒 パプリカ,https://movie.douban.com/subject/1865703/,,"2006-09-02(威尼斯电影节),2006-11-25(日本)",9.0,Sat Apr  2 19:31:22 2022,"水上清资,今敏,筒井康隆",2006
"麦斯·米科尔森,托玛斯·博·拉森,安妮卡·韦德科普,拉丝·弗格斯托姆,苏西·沃德,安妮·路易丝·哈辛,拉斯·兰特,亚历山德拉·拉帕波特", 诬网(港) / 谎言的烙印(台) / 捕猎 / The Hunt,剧情, 丹麦 / 瑞典,托马斯·温特伯格, tt2106476,, 丹麦语 / 英语 / 波兰语,115分钟,狩猎 Jagten,https://movie.douban.com/subject/6985810/,,"2012-05-20(戛纳电影节),2013-01-10(丹麦)",9.1,Sat Apr  2 19:31:22 2022,"托马斯·温特伯格,托比亚斯·林道赫姆",2012
"艾德里安·布洛迪,马西娅·盖伊·哈登,詹姆斯·肯恩,克里斯蒂娜·亨德里克斯,刘玉玲,布莱思·丹纳,蒂姆·布雷克·尼尔森,威廉·彼德森,布莱恩·科兰斯顿,萨米·盖尔,路易斯·佐里奇,小伊塞亚·维特洛克,大卫·豪森,约翰·塞纳迭姆博,西莉亚·奥,罗南·鲁宾斯坦,阿尔·卡尔德隆,布雷南·布朗,里根·利奥纳德,詹姆斯·霍西,乔什·帕斯,瑞内·菲利斯·史密斯,道格·伊·道格,帕特里夏·雷,萨曼萨·罗根,拉尔夫·罗德里格斯", 人间师格(台),剧情, 美国,托尼·凯耶, tt1683526,"亨利•巴赫特（艾德里安•布洛迪AdrienBrody饰）来到社区学校担任代课老师。学校因学生反叛、经营不善而濒临绝境，多丽丝（刘玉玲饰）为首的一批教师备受煎熬。亨利的第一堂课就遭遇了顽劣学生的挑衅，但是被他巧妙地化解。他赢得了女教师萨沙（克里斯蒂娜•亨德里克斯ChristinaHendricks）的好感。同时，他的教学方式引起了同学们的兴趣，其中就包括因肥胖而苦闷的梅丽迪斯。她一直默默地承受着因体重带来的各种责骂与嘲笑。但是因为老师，她似乎又找到了一切的理由……,但是，亨利其实内心也有很大的压力，他的爷爷处于弥留之际，他的母亲自杀阴影始终在脑海中萦绕。某天夜里，他在公车上黯然神伤，独自流泪。这情形被一个刚受到嫖客凌辱的雏妓艾瑞卡（萨米•盖尔SamiGayle饰）看到了。她尾随他，希望获得他的帮助。他起初拒绝了她的要求，后来他还是把她带回了单身公寓……", 英语,98分钟,超脱 Detachment,https://movie.douban.com/subject/5322596/,,2011-04-25(翠贝卡电影节),9.0,Sat Apr  2 19:31:29 2022,卡尔·隆德,2011
"丹尼尔·雷德克里夫,艾玛·沃森,鲁伯特·格林特,加里·奥德曼,朱丽·沃特斯,邦妮·怀特,大卫·休里斯,迈克尔·刚本,艾伦·瑞克曼,玛吉·史密斯,汤姆·费尔顿,艾玛·汤普森,朱莉·克里斯蒂,蒂莫西·斯波", 哈利波特3：阿兹卡班的逃犯(港/台) / 哈利·波特与阿兹卡班的逃犯 / 哈3,"奇幻,冒险", 英国 / 美国,阿方索·卡隆, tt0304141,, 英语,141 分钟,哈利·波特与阿兹卡班的囚徒 Harry Potter and the Prisoner of Azkaban,https://movie.douban.com/subject/1291544/,,"2004-09-10(中国大陆),2004-05-31(英国)",8.9,Sat Apr  2 19:31:30 2022,"史蒂夫·克洛夫斯,J. K. 罗琳",2004
"周星驰,元秋,元华,黄圣依,梁小龙,陈国坤,田启文,林子聪,林雪,冯克安,释彦能,冯小刚,袁祥仁,张一白,赵志凌,董志华,何文辉,陈凯师,贾康熙,林子善,任珈锐,王仕颖", 功夫3D / Kung Fu Hustle,"喜剧,动作,犯罪,奇幻", 中国大陆 / 中国香港,周星驰, tt0373074,, 粤语 / 汉语普通话 / 手语,100分钟(3D重映),功夫,https://movie.douban.com/subject/1291543/,https://site.douban.com/240040/,"2004-12-23(中国大陆/中国香港),2015-01-15(中国大陆3D),2004-09-14(多伦多电影节)",8.7,Sat Apr  2 19:31:33 2022,"曾瑾昌,陈文强,周星驰,霍昕",2004
"中谷美纪,永山瑛太,香川照之,市川实日子,伊势谷友介,柄本明,黑泽明日香,荒川良良,柴崎幸,土屋安娜,奥之矢佳奈,谷原章介,武田真治,片平渚,宫藤官九郎,角野卓造,田中要次,木村凯拉,谷中敦,剧团一人", 花样奇缘(港) / 令人讨厌的松子的一生(台) / 松子被嫌弃的一生 / 松子的悲惨人生 / Kiraware Matsuko no isshô / Memories of Matsuko,"剧情,歌舞", 日本,中岛哲也, tt0768120,, 日语,130 分钟,被嫌弃的松子的一生 嫌われ松子の一生,https://movie.douban.com/subject/1787291/,,2006-05-27(日本),8.9,Sat Apr  2 19:31:40 2022,"中岛哲也,山田宗树",2006
"约翰尼·德普,薇诺娜·瑞德,黛安·韦斯特,安东尼·迈克尔·豪尔,凯西·贝克,罗伯特·奥利维里,康查塔·费雷尔,卡罗琳·阿隆,迪克·安东尼·威廉姆斯,澳澜·琼斯,文森特·普莱斯,艾伦·阿金,苏珊·布洛马特,约翰·戴维森,布莱恩·拉肯,Victoria Price,Stuart Lancaster,Gina Gallagher,阿隆·鲁斯汀,阿兰·弗吉,史蒂文·布里尔,Peter Palmer,马克·麦考利,唐娜·派洛尼,Ken DeVaul,Kathy Dombo,Tabetha Thomas,尼克·卡特", 幻海奇缘(港),"剧情,爱情,奇幻", 美国,蒂姆·波顿, tt0099487,, 英语,105分钟,剪刀手爱德华 Edward Scissorhands,https://movie.douban.com/subject/1292370/,,1990-12-06(美国),8.7,Sat Apr  2 19:31:41 2022,"蒂姆·波顿,卡罗琳·汤普森",1990
"约翰尼·德普,杰弗里·拉什,奥兰多·布鲁姆,凯拉·奈特莉,杰克·达文波特,乔纳森·普雷斯", 加勒比海盗1：黑珍珠号的诅咒 / 神鬼奇航：鬼盗船魔咒(台) / 魔盗王：决战鬼盗船 / 海盗船,"动作,奇幻,冒险", 美国,戈尔·维宾斯基, tt0325980,"故事发生在17世纪，传说中海盗最为活跃的加勒比海。风趣迷人的杰克·斯伯洛（约翰尼·德普JohnnyDepp饰），是活跃在加勒比海上的海盗，拥有属于自己的“黑珍珠”号海盗船。对他来说，最惬意的生活就是驾驶着“黑珍珠”号在加勒比海上游荡，自由自在的打劫过往船只。但不幸的是，他的仇敌，老谋深算的巴尔巴罗萨船长(杰弗里·拉什GeoffreyRush饰)偷走了他的“黑珍珠”号。巴伯萨是一个无恶不作的坏蛋，他抢劫了杰克的""黑珍珠号""后，更加猖狂，在加勒比海上横行霸道，一时成为整个加勒比海的霸主。,一次，巴伯萨一伙袭击了罗亚尔港小镇，还绑架了总督的女儿伊莉莎白·斯万(凯拉·奈特莉KeiraKnightley饰)和伊莉莎白青梅竹马的铁匠学徒威尔·特纳（奥兰多·布鲁姆OrlandoBloom饰），想方设法救出了狱中的船长杰克，偷来英国皇家舰队最快的""拦截号""军舰迅速向""黑珍珠""追去。,在打斗中，威尔和杰克发现，巴尔巴罗萨和他的海盗们身背着咒语，在每一个月光之夜，他们就变成了不死骷髅，而伊莉莎白正是解开咒语的关键。", 英语,143 分钟,加勒比海盗 Pirates of the Caribbean: The Curse of the Black Pearl,https://movie.douban.com/subject/1298070/,,"2003-11-21(中国大陆),2003-07-09(美国)",8.8,Sat Apr  2 19:31:41 2022,"泰德·艾略特,特里·鲁西奥,斯图尔特·贝亚蒂耶,杰·沃尔伯特",2003
"约翰·库萨克,雷·利奥塔,阿曼达·皮特,约翰·浩克斯,阿尔弗雷德·莫里纳,克里·杜瓦尔,约翰·C·麦金雷,威廉姆·李·斯科特,杰克·布塞,普路特·泰勒·文斯,瑞贝卡·德·莫妮,卡门·阿尔根齐亚诺,马绍尔·贝尔,莱拉·肯泽尔,马特·莱斯切尔,布莱特·罗尔,霍尔姆斯·奥斯本,弗雷德里克·科芬,乔·哈特,迈克尔·赫希,泰伦斯·伯尼·海恩斯", 杀人游戏 / 致命身份,"剧情,悬疑,惊悚", 美国,詹姆斯·曼高德, tt0309698,, 英语,90分钟,致命ID Identity,https://movie.douban.com/subject/1297192/,,2003-04-25(美国),8.8,Sat Apr  2 19:31:44 2022,迈克尔·库尼,2003
"宋康昊,金相庆,金雷夏,宋在浩,边希峰,高瑞熙,柳泰浩,朴努植,朴海日,全美善,徐永嬅,崔钟律,刘承睦,申贤宗,李在应,郑仁仙,吴龙,朴真宇,朴泰京,沈成宝", 谋杀回忆 / 杀手回忆录 / Salinui chueok / Memories of Murder,"剧情,动作,悬疑,惊悚,犯罪", 韩国,奉俊昊, tt0353969,, 韩语 / 英语,132分钟,杀人回忆 살인의 추억,https://movie.douban.com/subject/1300299/,,2003-05-02(韩国),8.9,Sat Apr  2 19:31:44 2022,"奉俊昊,金光林,沈成宝",2003
"周星驰,张柏芝,莫文蔚,吴孟达,林子善,田启文,李兆基,成龙,李思捷,郑文辉", King of Comedy,"剧情,喜剧,爱情", 中国香港,"周星驰,李力持", tt0188766,, 粤语,89分钟,喜剧之王 喜劇之王,https://movie.douban.com/subject/1302425/,,1999-02-13(中国香港),8.8,Sat Apr  2 19:31:49 2022,"曾瑾昌,周星驰,李敏,郑文辉,冯勉恒,梁嘉杰",1999
"摩根·弗里曼,布拉德·皮特,凯文·史派西,格温妮斯·帕特洛,安德鲁·凯文·沃克,约翰·卡西尼,雷格·E·凯蒂,李·厄米", 火线追缉令(台) / 7宗罪 / Seven,"剧情,悬疑,惊悚,犯罪", 美国,大卫·芬奇, tt0114369,, 英语,127分钟,七宗罪 Se7en,https://movie.douban.com/subject/1292223/,,1995-09-22(美国),8.8,Sat Apr  2 19:31:55 2022,安德鲁·凯文·沃克,1995
"查理·卓别林,宝莲·高黛,亨利·伯格曼,蒂尼·桑福德,切斯特·康克林,汉克·曼,斯坦利·布莱斯通,阿尔·欧内斯特·加西亚,理查德·亚历山大,塞西尔·雷诺兹,米拉·麦金尼,默多克·麦夸里,威尔弗雷德·卢卡斯,爱德华·勒桑,弗雷德·马拉泰斯塔,萨米·斯坦,特德·奥利弗,诺曼·安斯利,博比·巴伯,海尼·康克林,格洛丽亚·德黑文,帕特·弗莱厄蒂,弗兰克·哈格尼,帕特·哈蒙,劳埃德·英格拉哈姆,沃尔特·詹姆斯,爱德华·金博尔,杰克·洛,巴迪·梅辛杰,布鲁斯·米切尔,弗兰克·莫兰,詹姆斯·C·莫顿,路易·纳托,J·C·纽金特,拉斯·鲍威尔,约翰兰德,哈里·威尔逊", The Masses / Les Temps modernes,"剧情,喜剧,爱情", 美国,查理·卓别林, tt0027977,, 英语,87分钟,摩登时代 Modern Times,https://movie.douban.com/subject/1294371/,,1936-02-25(美国),9.3,Sat Apr  2 19:31:56 2022,查理·卓别林,1936
"艾米·汉莫,蒂莫西·柴勒梅德,迈克尔·斯图巴,阿蜜拉·卡萨,艾斯特·加瑞尔,维克图瓦尔·杜布瓦,旺妲·卡布里奥罗,安东尼奥·里莫尔迪,埃琳娜·布奇,马可·斯格罗索,安德列‧艾席蒙,彼得·斯皮尔斯", 以你的名字呼唤我(港/台) / 以你的名义呼唤我 / 唤吾汝名 / CMBYN / Chiamami col tuo nome,"剧情,爱情,同性", 意大利 / 法国 / 巴西 / 美国,卢卡·瓜达尼诺, tt5726616,, 英语 / 意大利语 / 法语 / 德语 / 希伯来语,132分钟,请以你的名字呼唤我 Call Me by Your Name,https://movie.douban.com/subject/26799731/,,"2017-01-22(圣丹斯电影节),2017-11-24(美国)",8.9,Sat Apr  2 19:31:57 2022,"詹姆斯·伊沃里,安德列‧艾席蒙",2017
"张国荣,梁朝伟,张震,格利高里·戴顿", 一起快乐 / Happy Together / Buenos Aires Affair,"剧情,爱情,同性", 中国香港 / 日本 / 韩国,王家卫, tt0118845,, 粤语 / 汉语普通话 / 西班牙语,96分钟,春光乍泄 春光乍洩,https://movie.douban.com/subject/1292679/,,"1997-05-30(中国香港),1997-05-17(戛纳电影节)",9.0,Sat Apr  2 19:31:58 2022,王家卫,1997
"约翰·特拉沃尔塔,乌玛·瑟曼,阿曼达·普拉莫,蒂姆·罗斯,塞缪尔·杰克逊,菲尔·拉马,布鲁斯·威利斯,弗兰克·威利,布尔·斯蒂尔斯,文·瑞姆斯,劳拉·拉芙蕾丝,保罗·考尔德伦,布罗娜·加拉赫,罗姗娜·阿奎特,埃里克·斯托尔兹,玛丽亚·德·梅黛洛", 危险人物(港) / 黑色追缉令(台) / 黑色追击令 / 低级趣味小说,"剧情,喜剧,犯罪", 美国,昆汀·塔伦蒂诺, tt0110912,"《低俗小说》由“文森特和马沙的妻子”、“金表”、“邦妮的处境”三个故事以及影片首尾的序幕和尾声五个部分组成。看似独立的小故事里面，却又有环环相扣的人和事。,盗贼“小南瓜”和“小兔子”在早餐店里打劫，却遇上了天大的麻烦——黑社会成员朱尔斯（塞缪尔•杰克逊SamuelL.Jackson饰）和文森特（约翰•特拉沃尔塔JohnTravolta饰）在店内用餐，可谓天外有天。二人是否会放过两名小盗贼？,而文森特是黑社会大哥马沙•华莱士（文•瑞姆斯VingRhames饰）的手下，马沙下命令让他陪妻子一个晚上，明知如有雷池必死无疑，但面对马沙妻子美艳诱惑，文森特该怎么办。,文森特的故事还没完，拳击手布奇（布鲁斯•威利斯BruceWillis饰）的出现将令他的人生从此改变。布奇有一块祖传金表，就是因为这块金表，他和马沙分享了一个耻辱的秘密。,故事环状结构，回到开端。朱尔斯在小盗贼面前诵读圣经，表示对杀人的厌倦和感悟。什么事件令他如此转变？“邦妮的处境”中就有答案。", 英语 / 西班牙语 / 法语,154分钟,低俗小说 Pulp Fiction,https://movie.douban.com/subject/1291832/,,"1994-05-12(戛纳电影节),1994-10-14(美国)",8.9,Sat Apr  2 19:32:04 2022,"昆汀·塔伦蒂诺,罗杰·阿夫瑞",1994
"马特·达蒙,罗宾·威廉姆斯,本·阿弗莱克,斯特兰·斯卡斯加德,明妮·德里弗,卡西·阿弗莱克,科尔·豪瑟,约翰·迈顿,丹·华盛顿,艾莉森·福兰德,维克·萨海,史蒂文·科兹洛夫斯基,斯科特·威廉姆·文特斯,吉米·弗林,乔治·普林普顿,弗朗切斯科·克莱门特", 骄阳似我(港),剧情, 美国,格斯·范·桑特, tt0119217,, 英语,126 分钟,心灵捕手 Good Will Hunting,https://movie.douban.com/subject/1292656/,,1997-12-05(美国),8.9,Sat Apr  2 19:32:10 2022,"本·阿弗莱克,马特·达蒙",1997
"阿什顿·库彻,梅洛拉·沃尔特斯,艾米·斯马特,埃尔登·汉森,威廉姆·李·斯科特,约翰·帕特里克·阿梅多利,艾琳·戈洛瓦娅,凯文·G·施密特,杰西·詹姆斯,罗根·勒曼,莎拉·威多斯,杰克·凯斯,卡梅隆·布莱特,埃里克·斯托尔兹,考乐姆·吉斯·雷尼,凯文·杜兰",,"剧情,科幻,悬疑,惊悚", 美国 / 加拿大,"埃里克·布雷斯,J·麦基·格鲁伯", tt0289879,, 英语,113分钟,蝴蝶效应 The Butterfly Effect,https://movie.douban.com/subject/1292343/,,2004-01-23(美国),8.8,Sat Apr  2 19:32:11 2022,"J·麦基·格鲁伯,埃里克·布雷斯",2004
"拉尔夫·费因斯,托尼·雷沃罗利,艾德里安·布洛迪,威廉·达福,裘德·洛,爱德华·诺顿,西尔莎·罗南,蒂尔达·斯文顿,比尔·默瑞,蕾雅·赛杜,欧文·威尔逊,詹森·舒瓦兹曼,马修·阿马立克,F·默里·亚伯拉罕,汤姆·威尔金森,杰夫·高布伦,哈威·凯特尔", 布达佩斯大酒店(港) / 欢迎来到布达佩斯大饭店(台),"剧情,喜剧,冒险", 美国 / 德国 / 英国,韦斯·安德森, tt2278388,"故事要从一位无名作家（裘德·洛JudeLaw饰）说起，为了专心创作，他来到了名为“布达佩斯”的饭店，在这里，作家遇见了饭店的主人穆斯塔法（F·莫里·亚伯拉罕F.MurrayAbraham饰），穆斯塔法邀请作家共进晚餐，席间，他向作家讲述了这座饱经风雨的大饭店的前世今生。,饭店曾经的主人名叫古斯塔沃（拉尔夫·费因斯RalphFiennes饰），而年轻的穆斯塔法（托尼·雷沃罗利TonyRevolori饰）在当时不过是追随着他的一介小小门童。古斯塔沃为人正直，精明能干，在他的经营和组织之下，布达佩斯大饭店成为了当时首屈一指的度假胜地。古斯塔沃和年迈的D夫人（蒂尔达·斯文顿TildaSwinton饰）情投意合，D夫人去世后，在遗嘱中将一副价值连城的名画留给了古斯塔沃，这一举动惹恼了她的儿子迪米特里（阿德里安·布洛迪AdrienBrody饰），布达佩斯大饭店和古斯塔沃的厄运就此拉开了帷幕。", 英语 / 法语 / 德语,99分钟,布达佩斯大饭店 The Grand Budapest Hotel,https://movie.douban.com/subject/11525673/,,"2014-02-06(柏林电影节),2014-03-28(美国)",8.9,Sat Apr  2 19:32:16 2022,"韦斯·安德森,雨果·吉尼斯,斯蒂芬·茨威格",2014
"罗伯特·德尼罗,詹姆斯·伍兹,伊丽莎白·麦戈文,乔·佩西,波特·杨,塔斯黛·韦尔德,特里特·威廉斯,丹尼·爱罗,理查德·布赖特,詹姆斯·海登,威廉·弗西斯,达兰妮·弗鲁格,拉里·拉普,理查德·弗让吉,罗伯特·哈珀,詹妮弗·康纳利", 四海兄弟(台) / 义薄云天(港) / C'era una volta in America,"剧情,犯罪", 美国 / 意大利,赛尔乔·莱昂内, tt0087843,1933年，纽约流氓Noodles（罗伯特·德·尼罗饰）因向哈洛伦警司（布鲁斯·巴伦堡饰）通风报信害死了三名同伙而被追杀。逃亡之前，他打开了存放帮派基金的手提箱，里面却只有报纸。1968年，已改名换姓的Noodles收到一封犹太会堂通知迁葬亲友的信。Noodles联系拉比，得知信是八个月前寄出的，他的三名同伙已被迁葬至一所豪华公墓。Noodles回到纽约，找老友莫（拉里·拉普饰）了解情况，却一无所获。闲谈中，Noodles问起莫的妹妹黛博拉（伊丽莎白·麦戈文饰）的情况，得知其已成名角。原来，两人少时互有好感，但黛博拉（詹妮弗·康纳利饰）志向高远脚踏实地，理智地将街头混混Noodles（斯科特·提勒饰）拒于门外。Noodles在公墓发现了一把钥匙，并用钥匙打开了当年存放手提箱的储物柜。这一次，箱子里有满满的百元钞，还有写着“下一份工作的预付款”的纸条……, 英语 / 法语 / 意大利语,229分钟(导演剪辑版),美国往事 Once Upon a Time in America,https://movie.douban.com/subject/1292262/,,"1984-02-17(波士顿首映),1984-09-28(意大利)",9.2,Sat Apr  2 19:32:16 2022,"皮耶罗·德·贝纳迪,莱奥纳多·本韦努蒂,弗兰科·奥卡利,恩里科·梅迪欧力,弗兰科·费里尼,赛尔乔·莱昂内",1984
"莱昂纳多·迪卡普里奥,马克·鲁弗洛,本·金斯利,马克斯·冯·叙多夫,米歇尔·威廉姆斯,艾米莉·莫迪默,派翠西娅·克拉克森,杰基·厄尔·哈利,泰德·拉文,约翰·卡洛·林奇,伊莱亚斯·科泰斯,罗宾·巴特利特,克里斯托弗·邓汉,约瑟夫·斯科拉", 不赦岛(港) / 隔离岛(台) / 孤岛疑云 / 荒岛追凶 / 孤岛恐慌 / 关门岛 / 孤岛 / 艾什克里夫,"剧情,悬疑,惊悚", 美国,马丁·斯科塞斯, tt1130884,, 英语 / 德语,138 分钟,禁闭岛 Shutter Island,https://movie.douban.com/subject/2334904/,,"2010-02-13(柏林电影节),2010-02-19(美国)",8.8,Sat Apr  2 19:32:21 2022,"莱塔·卡罗格里迪斯,丹尼斯·勒翰",2010
"休·杰克曼,克里斯蒂安·贝尔,迈克尔·凯恩,丽贝卡·豪尔,斯嘉丽·约翰逊,大卫·鲍伊,安迪·瑟金斯,派珀·佩拉博,萨曼塔·马霍林,丹尼尔·戴维斯,吉姆·皮多克,克里斯托弗·尼姆,马克·瑞安,罗杰·里斯,杰米·哈里斯,罗恩·帕金斯,瑞奇·杰,安东尼·德·马克,冀朝理", 死亡魔法(港) / 顶尖对决(台) / 魔高一丈 / 魔道争锋,"剧情,悬疑,惊悚", 英国 / 美国,克里斯托弗·诺兰, tt0482571,, 英语,130分钟,致命魔术 The Prestige,https://movie.douban.com/subject/1780330/,,"2006-10-17(罗马电影节),2006-10-20(美国)",8.9,Sat Apr  2 19:32:24 2022,"乔纳森·诺兰,克里斯托弗·诺兰,克里斯托弗·普瑞丝特",2006
"Richard O'Barry,路易·西霍尤斯,Hardy Jones,Michael Illiff,Joji Morishita,Ian Campbell,Paul Watson,Doug DeMaster,Dave Rastovich,Charles Hambleton,Hayato Sakurai,Mandy-Rae Cruikshank,Kirk Krack,伊莎贝尔·卢卡斯,海顿·潘妮蒂尔", 血色海湾(台) / 海湾 / 海湾屠场 / 海湾峡谷 / The Rising,纪录片, 美国,路易·西霍尤斯, tt1313104,, 英语 / 日语,92分钟,海豚湾 The Cove,https://movie.douban.com/subject/3442220/,,2009-07-31(美国),9.3,Sat Apr  2 19:32:28 2022,马克·蒙雷,2009
"朱迪·福斯特,安东尼·霍普金斯,斯科特·格伦,安东尼·希尔德,布鲁克·史密斯,卡斯·莱蒙斯,弗兰基·费森,泰德·拉文,崔西·沃特,丹·巴特勒,达拉",,"剧情,惊悚,犯罪", 美国,乔纳森·戴米, tt0102926,, 英语,118分钟,沉默的羔羊 The Silence of the Lambs,https://movie.douban.com/subject/1293544/,,1991-02-14(美国),8.9,Sat Apr  2 19:32:32 2022,"托马斯·哈里斯,泰德·塔里",1991
"丹尼尔·雷德克里夫,艾玛·沃森,鲁伯特·格林特,海伦娜·伯翰·卡特,拉尔夫·费因斯,艾伦·瑞克曼,玛吉·史密斯,汤姆·费尔顿,邦妮·怀特,朱丽·沃特斯,迈克尔·刚本,伊文娜·林奇,多姆纳尔·格里森,克蕾曼丝·波西,詹森·艾萨克,海伦·麦克洛瑞,马修·刘易斯,梁佩诗,约翰·赫特,大卫·休里斯,加里·奥德曼,吉姆·布劳德本特,艾玛·汤普森,娜塔丽·特纳,蒂莫西·斯波,大卫·布拉德利,罗彼·考特拉尼,凯莉·麦克唐纳,塞伦·希德", 哈利波特7：死神的圣物2(港/台) / 哈利·波特与死圣(下) / 哈7(下) / 哈利·波特大结局,"奇幻,冒险", 美国 / 英国,大卫·叶茨, tt1201607,, 英语,130分钟,哈利·波特与死亡圣器(下) Harry Potter and the Deathly Hallows: Part 2,https://movie.douban.com/subject/3011235/,https://site.douban.com/108361/,"2011-08-04(中国大陆),2011-07-15(美国)",8.9,Sat Apr  2 19:32:34 2022,"史蒂夫·克洛夫斯,J. K. 罗琳",2011
"维果·莫腾森,马赫沙拉·阿里,琳达·卡德里尼,塞巴斯蒂安·马尼斯科,迪米特·D·马里诺夫,迈克·哈顿,P·J·伯恩,乔·柯蒂斯,玛姬·尼克松,冯·刘易斯,乔恩·索特兰,唐·斯达克,安东尼·曼加诺,保罗·斯隆,珍娜·劳伦索,肯尼斯·以色列,伊克博·塞巴,尼克·瓦莱隆加,大卫·安,迈克·切罗内,杰拉尔丁·辛格,马丁·巴特斯·布拉德福德,格拉伦·布莱恩特·班克斯,汤姆·维图,夏恩·帕特洛,丹尼斯·W·霍尔,吉姆·克洛克,戴恩·罗兹,布赖恩·斯特帕尼克,乔恩·迈克尔·戴维斯,布莱恩·库瑞,托尼亚·马尔多纳多", 绿簿旅友(港) / 幸福绿皮书(台) / 绿书,"剧情,喜剧,音乐,传记", 美国 / 中国大陆,彼得·法雷里, tt6966692,, 英语 / 意大利语 / 俄语 / 德语,130分钟,绿皮书 Green Book,https://movie.douban.com/subject/27060077/,,"2019-03-01(中国大陆),2018-09-11(多伦多电影节),2018-11-16(美国)",8.9,Sat Apr  2 19:32:43 2022,"尼克·瓦莱隆加,布莱恩·库瑞,彼得·法雷里",2018
"乔纳森·泰勒·托马斯,马修·布罗德里克,杰瑞米·艾恩斯,詹姆斯·厄尔·琼斯,莫伊拉·凯利,内森·连恩,尼基塔·卡兰姆,埃林·萨贝拉,乌比·戈德堡,罗温·艾金森", 狮子王3D,"动画,歌舞,冒险", 美国,"罗杰·阿勒斯,罗伯·明可夫", tt0110357,, 英语 / 斯瓦希里语 / 科萨语 / 祖鲁语,89 分钟,狮子王 The Lion King,https://movie.douban.com/subject/1301753/,,"1995-07-15(中国大陆),1994-06-15(美国),2011-09-16(美国)",9.1,Sat Apr  2 19:32:48 2022,"艾琳·梅琪,乔纳森·罗伯特 ,琳达·伍尔芙顿",1994
"罗宾·威廉姆斯,罗伯特·肖恩·莱纳德,伊桑·霍克,乔西·查尔斯,盖尔·汉森,迪伦·库斯曼,阿勒隆·鲁杰罗,詹姆斯·沃特斯顿,诺曼·劳埃德,柯特伍德·史密斯,卡拉·贝尔韦尔,利昂·波纳尔,乔治·马丁,乔·奥菲耶里,马特·凯里,凯文·库尼,拉腊·弗林·鲍尔,亚历桑德拉·鲍尔斯,梅洛拉·沃尔特斯,帕梅拉·伯勒尔,约翰·库宁汉姆,迪布拉·穆尼,库尔特·莱特纳,凯瑟·斯内德,霍纳斯·斯蒂克洛瑞斯,杰米·肯尼迪", 暴雨骄阳(港) / 春风化雨(台) / 壮志骄阳,剧情, 美国,彼得·威尔, tt0097165,, 英语 / 拉丁语,128 分钟,死亡诗社 Dead Poets Society,https://movie.douban.com/subject/1291548/,,"1989-06-02(多伦多首映),1989-06-09(美国)",9.1,Sat Apr  2 19:32:52 2022,汤姆·舒尔曼,1989
"阿尔·帕西诺,罗伯特·杜瓦尔,黛安·基顿,罗伯特·德尼罗,约翰·凯泽尔,塔莉娅·夏尔,李·斯特拉斯伯格,迈克尔·V·格佐,G•D•斯普拉德林,理查德·布赖特,加斯通·莫辛,汤姆·罗斯奎,布鲁诺·柯比,弗兰克·西维罗,弗朗西丝卡·德·萨维奥,摩甘娜金,玛丽亚娜·希尔,莱奥波多·特里耶斯泰,多米尼克·查尼斯,Amerigo Tot,特洛伊·多纳胡,约翰·阿普雷亚,乔·斯皮内尔,阿贝·维高达,吉亚尼·罗素,Maria Carta,菲伊·斯潘,哈利·戴恩·斯坦通,卡明·卡里迪,丹尼·爱罗,威廉·鲍尔斯,约瑟夫·德拉·索尔特,卡门·阿尔根齐亚诺,乔·罗·格里普,Ezio Flagello,凯瑟琳·贝勒,Saveria Mazzola,Tito Alba,彼得·多纳特,汤姆·达尔格伦,Phil Feldman,罗杰·科曼,伊凡·科尔,艾丽卡·约恩,Teresa Tirelli,詹姆斯·肯恩,Italia Coppola,罗曼·科波拉,索菲亚·科波拉,朱莉·格雷格,George Holmes,Buck Houghton,Shep Houghton,小杉正一,加里·库尔茨,Laura Lyons,理查德·麦瑟森,约翰·梅根纳,Harrison Ressler,Al Roberts,Hank Robinson,Filomena Spagnuolo", 教父续集(港) / 教父II,"剧情,犯罪", 美国,弗朗西斯·福特·科波拉, tt0071562,, 英语 / 意大利语 / 西班牙语 / 拉丁语 / 西西里语,202分钟,教父2 The Godfather: Part Ⅱ,https://movie.douban.com/subject/1299131/,,"1974-12-12(纽约首映),1974-12-20(美国)",9.2,Sat Apr  2 19:32:54 2022,"弗朗西斯·福特·科波拉,马里奥·普佐",1974
"宋康昊,金英爱,吴达洙,郭度沅,任时完,宋永彰,郑元中,赵敏基,李杭娜,李星民,车光洙,韩基重,沈熙燮,赵莞基,李姃垠", 逆权大状(港) / 正义辩护人(台) / The Attorney,剧情, 韩国,杨宇硕, tt3404140,, 韩语,127分钟,辩护人 변호인,https://movie.douban.com/subject/21937445/,,2013-12-18(韩国),9.2,Sat Apr  2 19:32:58 2022,"杨宇硕,尹贤浩",2013
"邱岳峰,富润生,毕克,尚华,于鼎,李梓,刘广宁", 大闹天宫 上下集 / The Monkey King / Havoc in Heaven / Uproar in Heaven,"剧情,动画,奇幻,古装", 中国大陆,万籁鸣, tt0059855,, 汉语普通话,113分钟,大闹天宫,https://movie.douban.com/subject/1418019/,,"1961(中国大陆),1964(中国大陆),1978(中国大陆)",9.4,Sat Apr  2 19:33:00 2022,"李克弱,万籁鸣",1961
"基努·里维斯,劳伦斯·菲什伯恩,凯瑞-安·莫斯,雨果·维文,格洛丽亚·福斯特,乔·潘托里亚诺,马库斯·钟,朱利安·阿拉汗加,马特·多兰,贝琳达·麦克洛里,安东尼雷派克,罗伯特·泰勒,阿达·尼科德莫,罗温·维特,塔玛拉·布朗,纳塔莉·特珍,比尔·扬,克里斯·斯科特,纳许·埃哲顿", 22世纪杀人网络(港) / 廿二世纪杀人网络(港) / 骇客任务(台) / 骇客帝国,"动作,科幻", 美国,"莉莉·沃卓斯基,拉娜·沃卓斯基", tt0133093,, 英语,136分钟,黑客帝国 The Matrix,https://movie.douban.com/subject/1291843/,,"2000-01-14(中国大陆),1999-03-31(美国)",9.1,Sat Apr  2 19:33:04 2022,"莉莉·沃卓斯基,拉娜·沃卓斯基",1999
"伊利亚·伍德,西恩·奥斯汀,伊恩·麦克莱恩,维果·莫腾森,奥兰多·布鲁姆,多米尼克·莫纳汉,比利·博伊德,克里斯托弗·李,马尔顿·索克斯,梅根·爱德华兹,伊安·霍姆,凯特·布兰切特,阿兰·霍华德,马克·弗格森,肖恩·宾,萨拉·贝克,劳伦斯·马克奥雷,安迪·瑟金斯,彼得·麦肯齐,伊恩·穆内,克雷格·帕克,卡梅隆·罗德,约翰·瑞斯-戴维斯,丽芙·泰勒,大卫·韦瑟莱,雨果·维文,菲利普·格里夫,威廉·约翰逊,伊丽莎白·穆迪,布莱恩·瑟金特,杰德·布罗菲,诺曼·凯茨,兰德尔·威廉·库克,萨比恩·克洛森,西奥沙福瓦,本·弗兰舍姆,彼得·杰克逊,艾伦·李", 指环王1：魔戒再现 / 指环王I：护戒使者 / 魔戒首部曲：魔戒现身 / 魔戒1：护戒联盟,"剧情,动作,奇幻,冒险", 新西兰 / 美国,彼得·杰克逊, tt0120737,"比尔博·巴金斯是100多岁的霍比特人，住在故乡夏尔，生性喜欢冒险，在年轻时的一次探险经历中，他从怪物咕噜手中得到了至尊魔戒，这枚戒指是黑暗魔君索伦打造的至尊魔戒，拥有奴役世界的邪恶力量，能够统领其他几枚力量之戒，在3000年前的人类联盟和半兽人大军的战役中，联盟取得了胜利，并得到了至尊魔戒，数千年的辗转后，魔戒落到咕噜手中，被比尔博碰巧得到。,因为和魔戒的朝夕相处，比尔博的心性也受到了影响，在他111岁的生日宴会上，他决定把一切都留给侄子佛罗多（伊利亚‧伍德饰)，继续冒险。,比尔博的好朋友灰袍巫师甘道夫（伊恩·麦克莱恩饰）知道至尊魔戒的秘密，同时，黑暗魔君索伦已经知道他的魔戒落在哈比族的手中。索伦正在重新建造要塞巴拉多，集结无数的半兽人，准备以大军夺取魔戒，并且征服全世界。,甘道夫说服佛罗多将魔戒护送到精灵王国瑞文希尔，佛罗多在好朋友山姆、皮平和梅利的陪同下，在跃马旅店得到了刚铎王子阿拉贡的帮助，历经艰难，终于到达了精灵王国。,然而，精灵族并不愿意保管这个邪恶的至尊魔戒，中土各国代表开会讨论，达成意见，准备将至尊魔戒送到末日山脉的烈焰中彻底销毁，佛罗多挺身而出接受了这个任务，这次，陪伴他的除了三个好朋友，还有甘道夫、阿拉贡、精灵莱戈拉斯（奥兰多‧布鲁姆饰）、人类博罗米尔、侏儒金利。,一路上，魔戒远征军除了要逃避索伦爪牙黑骑士和半兽人的追杀之外，更要抵抗至尊魔戒本身的邪恶诱惑，前途困难重重。", 英语 / 辛达林语,179分钟,指环王1：护戒使者 The Lord of the Rings: The Fellowship of the Ring,https://movie.douban.com/subject/1291571/,,"2002-04-04(中国大陆),2021-04-16(中国大陆重映),2001-12-19(美国)",9.1,Sat Apr  2 19:33:08 2022,"弗兰·威尔士,菲利帕·鲍恩斯,彼得·杰克逊,J. R. R. 托尔金",2001
"阿努克·斯特芬,布鲁诺·冈茨,昆林·艾格匹,安娜·申茨,伊莎贝尔·奥特曼,莉莲·奈福,彼得·杰克林,克里斯托夫·高格勒,丽贝卡·因德穆,莫妮卡·古布瑟,阿瑟·比勒,玛丽埃塔·耶米,彼得·洛迈尔,卡塔琳娜·舒特勒,杰拉·哈斯,迈克尔·克兰茨,劳拉·帕克,马库斯·赫林,马克西姆·梅米特,汉娜洛蕾·赫格", 飘零燕(港) / 海蒂 / 阿尔卑斯山少女海蒂,"剧情,家庭,冒险", 德国 / 瑞士,阿兰·葛斯彭纳, tt3700392,, 南非语 / 德语 / 瑞士德语,111分钟,海蒂和爷爷 Heidi,https://movie.douban.com/subject/25958717/,,"2019-05-16(中国大陆),2015-12-10(德国)",9.3,Sat Apr  2 19:33:11 2022,"约翰娜·施皮里,佩特拉·比翁迪娜·沃尔普",2015
"柳承龙,朴信惠,郑镇荣,金正泰,吴达洙,朴元尚,郑满植,葛素媛", 戆爸的礼物(港) / 7号囚房的礼物 / 12月23日 / Gift From Room / Find Miracle in Cell No.7 / Miracle In Cell No.7,"剧情,喜剧,家庭", 韩国,李焕庆, tt2659414,, 韩语,127分钟,7号房的礼物 7번방의 선물,https://movie.douban.com/subject/10777687/,,2013-01-23(韩国),8.9,Sat Apr  2 19:33:17 2022,"李焕庆,刘英雅",2013
"黎明,张曼玉,杨恭如,曾志伟,杜可风,张同祖,诸慧荷,丁羽", Comrades: Almost a Love Story,"剧情,爱情", 中国香港,陈可辛, tt0117905,, 粤语 / 汉语普通话 / 英语,118分钟(中国大陆),甜蜜蜜,https://movie.douban.com/subject/1305164/,,"2015-02-13(中国大陆),1996-11-02(中国香港)",8.9,Sat Apr  2 19:33:24 2022,岸西,1996
"志田未来,神木隆之介,树木希林,三浦友和,大竹忍,竹下景子,藤原龙也", 借物少女艾莉缇(台) / 借东西的小矮人亚莉亚蒂(港) / 借东西的阿莉埃蒂 / 借东西的地下小人 / The Borrower Arrietty / The Secret World of Arrietty,"动画,奇幻,冒险", 日本,米林宏昌, tt1568921,, 日语,94分钟,借东西的小人阿莉埃蒂 借りぐらしのアリエッティ,https://movie.douban.com/subject/4202302/,,2010-07-17(日本),8.9,Sat Apr  2 19:33:26 2022,"宫崎骏,丹羽圭子,玛丽·诺顿",2010
"张国荣,王祖贤,午马,刘兆铭,林威,薛芷伦,胡大为,王晶", 倩女幽魂(87版) / 倩女幽魂：妖魔道 / A Chinese Ghost Story,"爱情,奇幻,武侠,古装", 中国香港,程小东, tt0093978,, 粤语,98分钟(香港),倩女幽魂,https://movie.douban.com/subject/1297447/,,"2011-04-30(中国大陆),1987-07-18(中国香港)",8.8,Sat Apr  2 19:33:30 2022,阮继志,1987
"桥本爱,三浦贵大,松冈茉优,温水洋一,桐岛加恋", 小森食光/冬春篇(台) / Little Forest: Winter & Spring,剧情, 日本,森淳一, tt3474602,, 日语,120分钟,小森林 冬春篇 リトル・フォレスト 冬・春,https://movie.douban.com/subject/25814707/,,2015-02-14(日本),9.0,Sat Apr  2 19:33:35 2022,"森淳一,五十岚大介",2015
"伊桑·霍克,朱莉·德尔佩,弗农·多布切夫,路易丝·勒莫瓦纳·托雷斯,罗多尔·保利,玛丽安·普莱施泰格,迪亚博洛,丹尼·弗拉,艾伯特·德尔佩,玛丽·佩里", 日落巴黎(港) / 爱在日落巴黎时(台) / 日落之前 / 情留相逢时 / 爱在日落余晖时 / 爱在日落黄昏前,"剧情,爱情", 美国 / 法国,理查德·林克莱特, tt0381681,, 英语 / 法语,80 分钟,爱在日落黄昏时 Before Sunset,https://movie.douban.com/subject/1291990/,,"2004-02-10(柏林电影节),2004-07-30(美国)",8.9,Sat Apr  2 19:33:38 2022,"理查德·林克莱特,朱莉·德尔佩,伊桑·霍克,金·克里桑",2004
"本·阿弗莱克,裴淳华,尼尔·帕特里克·哈里斯,凯莉·库恩,泰勒·派瑞,金·迪肯斯,米西·派勒,波伊德·霍布鲁克,艾米丽·拉塔科斯基,雪拉·渥德,派屈克·福吉特,斯科特·麦克纳里,凯西·威尔逊,李·诺里斯", 失踪的女孩 / 失踪女孩 / 失踪罪(港) / 控制(台),"剧情,悬疑,惊悚,犯罪", 美国,大卫·芬奇, tt2267998,, 英语,149分钟,消失的爱人 Gone Girl,https://movie.douban.com/subject/21318488/,,"2014-09-26(纽约电影节),2014-10-03(美国)",8.7,Sat Apr  2 19:33:41 2022,吉莉恩·弗林,2014
"柳乐优弥,北浦爱,木村飞影,清水萌萌子,韩英惠,江原由希子,串田和美,冈元夕纪子,楯隆子,加濑亮,村野友希,田中庆太,木村佑一,远藤宪一,寺岛进,平泉成", 谁知赤子心(港) / 无人知晓的夏日清晨(台) / Nobody Knows / Dare mo shiranai,剧情, 日本,是枝裕和, tt0408664,, 日语,141分钟,无人知晓 誰も知らない,https://movie.douban.com/subject/1292337/,,"2004-05-13(戛纳电影节),2004-08-07(日本)",9.1,Sat Apr  2 19:33:45 2022,是枝裕和,2004
"凯文·科斯特纳,劳拉·邓恩,克林特·伊斯特伍德,T·J·劳瑟,基斯·斯扎拉巴基克", 强盗保镳,"剧情,犯罪", 美国,克林特·伊斯特伍德, tt0107808,, 英语,138分钟,完美的世界 A Perfect World,https://movie.douban.com/subject/1300992/,,1993-11-24(美国),9.1,Sat Apr  2 19:33:49 2022,约翰·李·汉考克,1993
"斯科特·安第斯,瑞恩·波特,丹尼尔·海尼,T·J·米勒,郑智麟,小达蒙·韦恩斯,珍尼希斯·罗德里格兹,詹姆斯·克伦威尔,艾伦·图代克,玛娅·鲁道夫,亚布拉哈姆·本鲁比,凯蒂·洛斯,比利·布什,丹尼尔·吉尔森,保罗·布里格斯", 大英雄联盟(港) / 大英雄天团(台) / 六大英雄 / (●—●),"喜剧,动作,科幻,动画,冒险", 美国,"唐·霍尔,克里斯·威廉姆斯", tt2245084,, 英语,102分钟,超能陆战队 Big Hero 6,https://movie.douban.com/subject/11026735/,,"2015-02-28(中国大陆),2020-07-31(中国大陆重映),2014-10-23(东京电影节),2014-11-07(美国)",8.7,Sat Apr  2 19:33:52 2022,"乔丹·罗伯茨,丹尼尔·吉尔森,罗伯特·L·贝尔德",2014
"北野武,关口雄介,岸本加世子,吉行和子,细川典江,大家由祐子,磨赤儿,铃木忠幸,井手博士,今村鼠,兼子二郎,田中要次,小岛可奈子", 菊次郎之夏 / Kikujirô no natsu / Kikujiro,"剧情,喜剧", 日本,北野武, tt0199683,, 日语,121分钟,菊次郎的夏天 菊次郎の夏,https://movie.douban.com/subject/1293359/,,"2020-09-25(中国大陆),1999-05-20(戛纳电影节),1999-06-05(日本)",8.9,Sat Apr  2 19:33:56 2022,北野武,1999
"克里斯蒂安·贝尔,汤姆·哈迪,安妮·海瑟薇,约瑟夫·高登-莱维特,玛丽昂·歌迪亚,加里·奥德曼,迈克尔·凯恩,摩根·弗里曼,朱诺·坦普尔,乔什·平茨,丹尼尔·逊亚塔,内斯特·卡博内尔,伯恩·戈曼,连姆·尼森,乔伊·金,艾丹·吉伦,基里安·墨菲,乔什·斯图沃特,马修·莫迪恩,本·门德尔森", 蝙蝠侠前传3：黑暗骑士崛起 / 黑暗骑士：黎明升起(台) / 蝙蝠侠：夜神起义(港) / 蝙蝠侠前传3：黑骑再起 / 蝙蝠侠7：黑暗骑士崛起 / 暗夜骑士崛起 / T.D.K.R. / TDKR / Batman 3: The Dark Knight Rises,"剧情,动作,科幻,惊悚,犯罪", 美国 / 英国,克里斯托弗·诺兰, tt1345836,检察官哈维·登特（艾伦·艾克哈特AaronEckhart饰）死后的八年间，哥谭市在戈登警长（加里·奥德曼GaryOldman饰）的努力下有效地遏制了犯罪活动。而蝙蝠侠布鲁斯·韦恩（克里斯蒂安·贝尔ChristianBale饰）因为背负谋杀登特的罪名，被警方通缉，在哥谭市销声匿迹。然而，这看似平静的状态被恐怖分子贝恩（汤姆·哈迪TomHardy饰）的出现打破，他利用猫女（安妮·海瑟薇AnneHathaway饰）偷取布鲁斯的指纹，致使韦恩集团面临破财，布鲁斯被赶出董事会。为了保证韦恩集团投资的能源项目不被坏人利用制造核弹，布鲁斯帮助米兰达（玛丽昂·歌迪亚MarionCotillard饰）成为董事会主席。贝恩接下来一连串精密设计的计划将哥谭市陷入孤绝之境，毁灭之日指日可待。布鲁斯只能再次肩负起拯救哥谭的重任，然而至亲的管家阿福辞职离开、猫女的背叛、贝恩的凶残手段，爱人米拉达的真实面目露出，都让他拯救哥谭的行动变得不可能……, 英语 / 阿拉伯语,165分钟,蝙蝠侠：黑暗骑士崛起 The Dark Knight Rises,https://movie.douban.com/subject/3395373/,,"2012-08-27(中国大陆),2012-07-20(美国)",8.8,Sat Apr  2 19:34:01 2022,"大卫·S·高耶,乔纳森·诺兰,克里斯托弗·诺兰",2012
"夏雨,宁静,陶虹,耿乐,斯琴高娃,冯小刚,刘小宁,姜文,王学圻,王朔,尚楠,方化,代少波,王海,姚二嘎,吴淑昆,左小青,韩冬,孙靖,刘斌,张维,杨彤林,王海,王福,胡贝贝,高保成,吴淑琨,张华,二勇,烈子,陈伟", In the Heat of the Sun,"剧情,爱情", 中国大陆 / 中国香港,姜文, tt0111786,, 汉语普通话,134分钟(中国大陆),阳光灿烂的日子,https://movie.douban.com/subject/1291875/,,"1995-08-21(中国大陆),1995-06-28(中国香港),1994-09-09(威尼斯电影节)",8.8,Sat Apr  2 19:34:05 2022,"姜文,王朔",1994
"桥本爱,三浦贵大,松冈茉优,温水洋一,桐岛加恋", 小森食光/夏秋篇(台) / Little Forest Summer & Autumn,剧情, 日本,森淳一, tt3474600,, 日语,111分钟,小森林 夏秋篇 リトル・フォレスト 夏・秋,https://movie.douban.com/subject/25814705/,,2014-08-30(日本),9.0,Sat Apr  2 19:34:08 2022,"森淳一,五十岚大介",2014
"吴念真,李凯莉,金燕玲,张洋洋,萧淑慎,尾形一成,陈希圣,林孟瑾,陈以文,柯宇纶,张育邦,柯素云,唐如韫,徐淑媛,曾心怡,陶传正", Yi yi / Yi yi: A One and a Two,"剧情,爱情,家庭", 中国台湾 / 日本,杨德昌, tt0244316,, 汉语普通话 / 闽南语 / 英语 / 日语,173分钟,一一,https://movie.douban.com/subject/1292434/,,"2017-07-28(中国台湾),2000-05-14(戛纳电影节),2000-12-16(日本)",9.1,Sat Apr  2 19:34:12 2022,杨德昌,2000
"丹尼尔·雷德克里夫,艾玛·沃森,鲁伯特·格林特,汤姆·费尔顿,理查德·格雷弗斯,费奥纳·肖,托比·琼斯,朱丽·沃特斯,邦妮·怀特,詹森·艾萨克,肯尼思·布拉纳,艾伦·瑞克曼,理查德·哈里斯,玛吉·史密斯,约翰·克里斯,肖恩·比格斯代夫,克里斯·兰金,克里斯蒂安·库尔森", 哈利波特2：消失的密室(港/台) / 哈2,"奇幻,冒险", 英国 / 美国,克里斯·哥伦布, tt0295297,, 英语,161分钟,哈利·波特与密室 Harry Potter and the Chamber of Secrets,https://movie.douban.com/subject/1296996/,,"2003-01-24(中国大陆),2002-11-15(英国/美国)",8.8,Sat Apr  2 19:34:16 2022,"史蒂夫·克洛夫斯,J. K. 罗琳",2002
"丹尼尔·雷德克里夫,艾玛·沃森,鲁伯特·格林特,迈克尔·刚本,玛吉·史密斯,汤姆·费尔顿,蒂莫西·斯波,罗伯特·帕丁森,梁佩诗,大卫·田纳特,马克·威廉姆斯,埃里克·赛克斯,詹姆斯·菲尔普斯,奥利弗·菲尔普斯,邦妮·怀特,克蕾曼丝·波西,加里·奥德曼,杰夫·劳勒,詹森·艾萨克,斯坦尼斯拉夫·雅涅夫斯基,罗伯特·哈迪,阿什莉·阿尔图斯,亚历克斯·帕尔墨,罗格·洛伊德-派克,希拉·艾伦,Su Elliot,大卫·斯特恩,玛格里·梅森,马修·刘易斯,罗彼·考特拉尼,威廉姆·麦灵,大卫·布拉德利,戴文·穆雷,艾芙珊·阿扎德,沃维克·戴维斯,弗朗西斯·德·拉·图瓦,谢发丽·裘德胡里,安吉拉珂·曼蒂,艾伦·瑞克曼,普里德拉格·比耶拉克,Tolga Safer,布莱丹·格里森,阿尔弗雷德·伊诺奇,路易·多伊尔,杰米·威莱特,乔什·赫德曼,夏洛特·斯凯奇,米兰达·理查森,罗伯特·威尔福特,Tiana Benjamin,亨利·劳埃德-休斯,贾维斯·考科尔,强尼·格林伍德,菲尔·塞尔维,史蒂夫·麦基,Jason Buckle,Steve Claydon,雪莉·亨德森,拉尔夫·费因斯,阿德里安·劳林斯,杰拉丁·萨莫维尔,拉斯科·阿特金斯,Jack Bagley,葛蕾·贝拉玛西娜,Paul Davies,Barry Dowden,Natalie Hallam", 哈利波特4：火杯的考验(港/台) / 哈4,"悬疑,奇幻,冒险", 英国 / 美国,迈克·内威尔, tt0330373,, 英语 / 法语,157 分钟,哈利·波特与火焰杯 Harry Potter and the Goblet of Fire,https://movie.douban.com/subject/1309055/,,"2005-11-18(中国大陆),2005-11-06(英国)",8.7,Sat Apr  2 19:34:23 2022,"史蒂夫·克洛夫斯,J. K. 罗琳",2005
"泰伊·谢里丹,奥利维亚·库克,本·门德尔森,马克·里朗斯,丽娜·维特,森崎温,赵家正,西蒙·佩吉,T·J·米勒,汉娜·乔恩-卡门,拉尔夫·伊内森,苏珊·林奇,克莱尔·希金斯,劳伦斯·斯佩尔曼,佩蒂塔·维克斯,艾萨克·安德鲁斯", 玩家一号 / 挑战者1号(港) / 一级玩家(台) / 一号玩家,"动作,科幻,冒险", 美国,史蒂文·斯皮尔伯格, tt1677720,, 英语 / 日语 / 汉语普通话,140分钟,头号玩家 Ready Player One,https://movie.douban.com/subject/4920389/,,"2018-03-30(中国大陆),2018-03-11(西南偏南电影节),2018-03-29(美国)",8.7,Sat Apr  2 19:34:24 2022,"扎克·佩恩,恩斯特·克莱恩",2018
"安德鲁·加菲尔德,萨姆·沃辛顿,文斯·沃恩,雨果·维文,卢克·布雷西,泰莉莎·帕尔墨,瑞切尔·格里菲斯,内森奈尔·布佐里克,理查德·劳斯伯格,马特·纳夫莱,费拉斯·迪拉尼,瑞安·柯尔,卢克·佩格勒", 钢锯岭 / 钢铁英雄(台) / The Conscientious Objector,"剧情,传记,历史,战争", 澳大利亚 / 美国,梅尔·吉布森, tt2119532,, 英语 / 日语,139分钟(中国大陆),血战钢锯岭 Hacksaw Ridge,https://movie.douban.com/subject/26325320/,,"2016-12-08(中国大陆),2016-09-04(威尼斯电影节),2016-11-04(美国)",8.7,Sat Apr  2 19:34:27 2022,"安德鲁·奈特,罗伯特·申坎",2016
"梁正晖,邱岳峰,毕克,富润生,尚华,于鼎", Prince Nezha's Triumph Against Dragon King / Nezha Conquers the Dragon King,"动画,奇幻,冒险", 中国大陆,"王树忱,严定宪,徐景达", tt0354770,, 汉语普通话,65分钟,哪吒闹海,https://movie.douban.com/subject/1307315/,,1979-05-19(中国大陆),9.1,Sat Apr  2 19:34:32 2022,王树忱,1979
"岩男润子,松本梨香,辻亲八,大仓正章,秋元羊介,盐屋翼,堀秀行,筱原惠美,江原正士,梁田清之,古泽彻,新山志保,古川惠实子,原亚弥,三木真一郎,山野井仁,田野惠,长嶝高士,陶山章央,细井治,远近孝一,本井英美,保志总一朗,谷山纪章,北野诚,南香织,商店一野", 蓝色恐惧(港/台) / 蓝色的恐惧 / 未麻之部屋 / パーフェクト ブルー,"动画,惊悚,奇幻", 日本,今敏, tt0156887,, 日语,81 分钟,未麻的部屋 Perfect Blue,https://movie.douban.com/subject/1395091/,,"1997-08-05(加拿大奇幻电影节),1998-02-28(日本)",9.0,Sat Apr  2 19:34:35 2022,"村井贞之,竹内义和",1997
"杰米·福克斯,莱昂纳多·迪卡普里奥,克里斯托弗·瓦尔兹,塞缪尔·杰克逊,凯丽·华盛顿,沃尔顿·戈金斯,丹尼斯·克里斯托弗,乔纳·希尔,詹姆斯·瑞马尔,爱波·塔布琳,弗兰科·内罗,罗伯特·卡拉丁,佐伊·贝尔", 被解放的姜戈 / 决杀令(台) / 黑杀令(港) / 被解放的迪亚戈 / 铁血枷锁 / 解放的詹哥 / 奔放的强哥 / 强哥好强,"剧情,动作,西部,冒险", 美国,昆汀·塔伦蒂诺, tt1853728,"1858年，美国南北战争前两年。德国赏金猎人金·舒尔茨（克里斯托弗·瓦尔兹ChristophWaltz饰）从贩奴商人手中买下黑奴姜戈（杰米·福克斯JamieFoxx饰），让其重获自由。舒尔茨实则是要把姜戈培养成无法无天的赏金猎人，为其缉拿各种通缉犯以换取报酬。姜戈的唯一条件是：从暴虐的糖果庄园主卡尔文·坎迪（莱昂纳多·迪卡普里奥LeonardoDiCaprio饰）手中解救出自己的妻子布鲁姆希尔达（凯丽·华盛顿KerryWashington饰）。本片是昆汀向1966年由塞吉奥·考布西执导的经典意大利西部片《迪亚戈》的致敬之作。,鬼才导演痞子昆丁三年磨一剑，继《无耻混蛋》后又一巨制力作。本片延续昆汀一贯低调奢华的风格，处处可见奇思妙想的幽默元素和血腥野性的动作场面，更有强档群戏，豪华卡司，可谓看点十足。,《被解放的姜戈》荣获第85届奥斯卡金像奖-最佳原创剧本大奖，克里斯托弗·沃尔兹ChristophWaltz则凭借此片荣获最佳男配角。本片同时荣获第85届奥斯卡金像奖最佳影片、最佳摄影和最佳音效剪辑提名。", 英语 / 法语 / 德语,163分钟(中国大陆),被解救的姜戈 Django Unchained,https://movie.douban.com/subject/6307447/,,"2013-05-12(中国大陆),2012-12-25(美国)",8.8,Sat Apr  2 19:34:38 2022,昆汀·塔伦蒂诺,2012
"河正宇,李璟荣,全慧珍,李大卫,金弘波,崔正贤,崔代勋,姜信哲,韩成天,孙成灿,金素真,金大明,金海仁", 死亡“动”新闻(港) / 恐怖攻击直播(台) / The Terror Live / 90 Minutes of Terror,"剧情,悬疑,犯罪", 韩国,金秉祐, tt2990738,, 韩语,97分钟,恐怖直播 더 테러 라이브,https://movie.douban.com/subject/21360417/,,2013-07-31(韩国),8.7,Sat Apr  2 19:34:41 2022,金秉祐,2013
"宋康昊,李善均,赵汝贞,崔宇植,朴素丹,李姃垠,张慧珍,郑知晓,朴明勋,朴叙俊,朴根禄,郑贤俊,朴孝新,安德烈亚斯·弗龙克", 寄生上流(台) / 上流寄生族(港) / 패러사이트 / Parasite / Gisaengchung,"剧情,喜剧", 韩国,奉俊昊, tt6751668,, 韩语 / 英语,132分钟,寄生虫 기생충,https://movie.douban.com/subject/27010768/,,"2019-05-21(戛纳电影节),2019-05-30(韩国)",8.8,Sat Apr  2 19:34:46 2022,"奉俊昊,韩珍元",2019
"孔刘,郑有美,马东锡,金秀安,金义城,崔宇植,安昭熙,崔奎华,郑锡勇,艺秀晶,朴明申,张赫镇,禹都临,沈恩京", 尸杀列车(港) / 尸速列车(台) / Train to Busan / Busanhaeng,"动作,惊悚,灾难", 韩国,延尚昊, tt5700672,, 韩语,118分钟,釜山行 부산행,https://movie.douban.com/subject/25986180/,,"2016-05-13(戛纳电影节),2016-07-20(韩国)",8.6,Sat Apr  2 19:34:50 2022,延尚昊,2016
"梁朝伟,林青霞,张国荣,叶玉卿,张学友,王祖贤,张曼玉,梁家辉,刘嘉玲,钟镇涛,鲍起静", 东成西就 / 大英雄 (日本) / The Eagle Shooting Heroes,"喜剧,奇幻,武侠,古装", 中国香港,刘镇伟, tt0108074,, 粤语,113分钟(香港),射雕英雄传之东成西就 射鵰英雄傳之東成西就,https://movie.douban.com/subject/1316510/,,1993-02-05(中国香港),8.7,Sat Apr  2 19:34:55 2022,刘镇伟,1993
"沈恩京,闵孝琳,姜素拉,南宝拉,陈熙琼,金时厚,柳好贞,朴真珠,李妍京,金甫美,千禹熙,李璟荣", 阳光姊妹淘(港) / 桑尼 / 阳光 / 永远的七公主 / Sunny,"剧情,喜剧", 韩国,姜炯哲, tt1937339,, 韩语,124分钟,阳光姐妹淘 써니,https://movie.douban.com/subject/4917726/,,2011-05-04(韩国),8.8,Sat Apr  2 19:34:58 2022,"姜炯哲,李炳宪",2011
"史蒂夫·卡瑞尔,杰森·席格尔,拉塞尔·布兰德,朱莉·安德鲁斯,威尔·阿奈特,克里斯汀·韦格,米兰达·卡斯格拉夫,达纳·盖尔,艾尔西·费舍尔,皮埃尔·柯芬,克里斯·雷纳德,杰梅奈·克莱门特,杰克·麦克布瑞尔,丹尼·麦克布莱德,敏迪·卡灵,罗布·许贝尔,肯·道里欧,郑肯", 卑鄙的我 / 坏蛋奖门人(港) / 偷天换“月”(港) / 我很贱 / Baby的我,"喜剧,动画,冒险", 美国 / 法国,"皮埃尔·柯芬,克里斯·雷纳德", tt1323594,, 英语,95分钟,神偷奶爸 Despicable Me,https://movie.douban.com/subject/3287562/,,"2010-06-20(莫斯科电影节),2010-07-09(美国)",8.6,Sat Apr  2 19:35:00 2022,"肯·道里欧,塞尔希奥·巴勃罗斯,辛科·保罗",2010
"汤姆·汉克斯,蒂姆·艾伦,琼·库萨克,尼德·巴蒂,唐·里克斯,迈克尔·基顿", 反斗奇兵3(港) / 玩具的故事3,"喜剧,动画,奇幻,冒险", 美国,李·昂克里奇, tt0435761,, 英语 / 西班牙语,103分钟,玩具总动员3 Toy Story 3,https://movie.douban.com/subject/1858711/,,"2010-06-16(中国大陆),2010-06-18(美国)",8.9,Sat Apr  2 19:35:04 2022,"迈克尔·阿恩特,约翰·拉塞特,安德鲁·斯坦顿,李·昂克里奇",2010
"凯拉·奈特莉,马修·麦克费登,唐纳德·萨瑟兰,布兰达·布莱斯,凯瑞·穆里根,裴淳华,吉娜·马隆,妲露拉·莱莉,朱迪·丹奇,西蒙·伍兹,克劳迪·布莱克利,汤姆·霍兰德,鲁伯特·弗兰德,凯利·蕾莉,皮普·托伦斯,西妮德·马修斯,佩内洛普·威尔顿,塔姆金·莫钦特", 傲慢与偏见2005 / Pride And Prejudice,"剧情,爱情", 法国 / 英国 / 美国,乔·赖特, tt0414387,, 英语,129 分钟,傲慢与偏见 Pride & Prejudice,https://movie.douban.com/subject/1418200/,,2005-09-16(英国),8.7,Sat Apr  2 19:35:07 2022,"简·奥斯汀,黛博拉·莫盖茨",2005
"罗夫·拉斯加德,巴哈·帕斯,托比亚斯·阿姆博瑞,菲利普·伯格,安娜-莱娜·布伦丁,博瑞·伦贝里,埃达·英格薇,弗雷德里克·埃弗斯,玛德琳·雅各布松,查特里娜·拉松,杰克尔·法尔斯特伦", 明天别再来敲门(台) / 想死冇咁易(港) / 叫欧裴的男人 / 欧维决定去死 / A Man Called Ove / Mr. Ove,剧情, 瑞典,汉内斯·赫尔姆, tt4080728,, 瑞典语 / 波斯语,116分钟,一个叫欧维的男人决定去死 En man som heter Ove,https://movie.douban.com/subject/26628357/,,2015-12-25(瑞典),8.9,Sat Apr  2 19:35:11 2022,"弗雷德里克·巴克曼,汉内斯·赫尔姆",2015
"松隆子,冈田将生,木村佳乃,西井幸人,桥本爱,芦田爱菜,三吉彩花,藤原薰,井之胁海,清水尚弥,高桥努,一井直树,能年玲奈,新井浩文,野本萤", 自白 / 母亲 / Kokuhaku / Confessions,"剧情,悬疑", 日本,中岛哲也, tt1590089,, 日语,106分钟,告白,https://movie.douban.com/subject/4268598/,,2010-06-05(日本),8.8,Sat Apr  2 19:35:16 2022,"中岛哲也,凑佳苗",2010
"阿尔·帕西诺,黛安·基顿,塔莉娅·夏尔,安迪·加西亚,埃里·瓦拉赫,乔·曼特纳,乔治·汉密尔顿,布里吉特·芳达,索菲亚·科波拉,雷夫·瓦朗,弗兰克·德安布罗西奥,敦尔·当纳利,理查德·布赖特,赫尔穆特·贝格,唐·诺韦洛"," 教父第三集 / 教父 III / 马里奥·普佐的教父终章：迈克·柯里昂之死 / Mario Puzo’s The Godfather, Coda: The Death of Michael Corleone","剧情,犯罪", 美国,弗朗西斯·福特·科波拉, tt0099674,, 英语 / 意大利语 / 德语 / 拉丁语,170分钟,教父3 The Godfather: Part III,https://movie.douban.com/subject/1294240/,,1990-12-25(美国),9.0,Sat Apr  2 19:35:20 2022,"马里奥·普佐,弗朗西斯·福特·科波拉",1990
"伊万·麦克格雷格,阿尔伯特·芬尼,比利·克鲁德普,杰西卡·兰格,海伦娜·伯翰·卡特,艾莉森·洛曼,罗伯特·吉尔劳姆,玛丽昂·歌迪亚,马修·麦克格罗里,大卫·丹曼,米西·派勒,卢顿·万恩怀特三世,艾达·泰,艾伦妮·泰,史蒂夫·布西密,丹尼·德维托,迪普·罗伊,海利·安妮·内尔森", 大鱼奇缘(港) / 大智若鱼(台) / 大鱼老爸,"剧情,家庭,奇幻,冒险", 美国,蒂姆·波顿, tt0319061,, 英语 / 法语 / 俄语 / 粤语 / 汉语普通话,125 分钟,大鱼 Big Fish,https://movie.douban.com/subject/1291545/,,"2003-12-04(纽约首映),2004-01-09(美国)",8.8,Sat Apr  2 19:35:22 2022,"Daniel Wallace,约翰·奥古斯特",2003
"约翰·古德曼,比利·克里斯托,玛丽·吉布斯,史蒂夫·布西密,詹姆斯·柯本,詹妮弗·提莉,鲍勃·彼德森,约翰·拉岑贝格,弗兰克·奥兹,丹尼尔·吉尔森,邦尼·亨特,杰克·安杰尔,塞缪尔·洛德·布莱克,史蒂夫·萨斯坎德", 怪兽公司(港) / 怪物公司,"喜剧,动画,儿童,奇幻,冒险", 美国,"彼特·道格特,大卫·西尔弗曼,李·昂克里奇", tt0198781,"我们不知道，在那样的世界里住着那样一群怪物。他们长相滑稽，却必须装作狰狞。因为，在夜深的时候，他们要悄悄的出现在孩子的衣橱里，吓唬刚刚甜美睡去的宝宝。一切，只因为他们是怪物电力公司的员工，而孩子的尖叫，则是怪物王国发电的全部能量。怪物们害怕孩子，却又必须让孩子尖叫。在怪物的国度里，他们都是为全民造福的英雄。,毛怪苏利文（约翰•古德曼）是怪物公司最出色的员工，业绩总是摇摇领先，他吓哭的小孩儿不计其数。他与搭档大眼怪麦克（比利•克里斯托）很受大家的爱戴。一次偶然，毛怪不小心把一个两岁的小女孩阿布（玛丽•吉布斯）带回了怪物世界，引起了极大的恐慌，调皮可爱的阿布把这些可怕的怪物吓的人仰马翻。警方在追捕阿布，而坏蛋亨利（詹姆斯•柯博）也计划利用阿布进行他改革工厂的邪恶计划。,另一方面，在与阿布相处的过程中，毛怪渐渐对她产生莫名的情愫，甚至因此被放逐野外。可是一切都不能抵挡毛怪拯救女孩的信念，为了阿布，毛怪踏上了艰险的旅程……", 英语,92分钟,"怪兽电力公司 Monsters, Inc.",https://movie.douban.com/subject/1291579/,,"2001-11-02(美国),2012-12-19(美国)",8.8,Sat Apr  2 19:35:26 2022,"安德鲁·斯坦顿,丹尼尔·吉尔森,罗伯特·L·贝尔德,瑞特·里斯,乔纳森·罗伯特 ,彼特·道格特,杰夫·皮金,吉尔·卡尔顿,拉夫·埃格尔斯顿",2001
"托妮·科莱特,菲利普·塞默·霍夫曼,巴瑞·哈姆弗莱斯,艾瑞克·巴纳,贝塔尼·维特莫尔,蕾妮·盖耶,伊恩·莫利·梅尔德伦,朱莉·福塞斯,约翰·弗劳思,克里斯托弗·马西,卡罗琳·莎士比亚-艾伦,琳恩·史密斯,迈克尔·延纳", 巧克力情缘(台) / 同是天涯寂寞客 / 玛丽和麦克斯 / 玛丽与马克思 / 玛丽和马克斯 / 玛丽和马科斯,"剧情,喜剧,动画", 澳大利亚 / 美国,亚当·艾略特, tt0978762,"1976年，8岁的玛丽·黛西·丁格尔（贝丝妮·惠特摩尔BethanyWhitmore配音）是澳大利亚墨尔本的一个小女孩，喜欢动画片“诺布利特”、甜炼乳和巧克力。玛丽的妈妈是个酒鬼，而在茶叶包装厂工作的父亲平日只喜欢制作鸟标本。孤独的玛丽没有朋友，某一天心血来潮给美国纽约市的马克思·杰瑞·霍罗威茨（菲利普·塞默·霍夫曼PhilipSeymourHoffman配音）写了一封信询问美国小孩从哪里来，并附上一根樱桃巧克力棒。44岁的马克思患有自闭症及肥胖，碰巧也喜欢看“诺布利特”动画片及吃巧克力。二人的笔友关系从1976年维持到1994年，期间各自经历了许多人生起伏，直到成年的玛丽（托妮·科莱特ToniCollette配音）终于来到纽约看望马克思……,本片获2009年法国昂锡国际动画影展最佳动画长片奖，柏林国际电影节水晶熊奖及渥太华国际动画电影节最高奖。", 英语 / 意第绪语,92分钟,玛丽和马克思 Mary and Max,https://movie.douban.com/subject/3072124/,,"2009-01-15(圣丹斯电影节),2009-04-09(澳大利亚)",8.9,Sat Apr  2 19:35:30 2022,亚当·艾略特,2009
"多姆纳尔·格里森,瑞秋·麦克亚当斯,比尔·奈伊,莉迪亚·威尔逊,琳赛·邓肯,理查德·科德里,约书亚·麦圭尔,汤姆·霍兰德,玛格特·罗比,维尔·梅里克,凡妮莎·柯比,汤姆·休斯,哈利·海顿-佩顿,米切尔·马伦,丽莎·艾科恩,珍妮·莱恩斯福德,菲利普-沃斯,凯瑟琳·斯戴曼,汤姆·斯托顿,安部春香,李·阿斯奎斯-柯,理查德·班克斯,保罗·布莱克维尔,贝恩·科拉科,格拉姆·柯里,罗薇娜·戴蒙德,约翰·达根,迪诺·法赞尼,内芙·加切夫,理查德·E·格兰特,理查德·格雷弗斯,李·尼古拉斯·哈里斯,理查德·赫德曼,李仙湖,马修·C·马蒂诺,马汀·麦格,艾莉克丝摩尔", 回到最爱的一天(港) / 真爱每一天(台) / 时空旅恋人 / 时空旅的恋人,"喜剧,爱情,奇幻", 英国,理查德·柯蒂斯, tt2194499,, 英语,123分钟,时空恋旅人 About Time,https://movie.douban.com/subject/10577869/,,2013-09-04(英国),8.8,Sat Apr  2 19:35:32 2022,理查德·柯蒂斯,2013
"杰伊·巴鲁切尔,杰拉德·巴特勒,克雷格·费格森,亚美莉卡·费雷拉,乔纳·希尔,克里斯托夫·梅兹-普莱瑟,T·J·米勒,克里斯汀·韦格,罗宾·阿特金·唐斯,菲利普·麦格雷德,基隆·埃利奥特,阿什利·詹森,大卫·田纳特", 驯龙记(港),"动画,奇幻,冒险", 美国,"迪恩·德布洛斯,克里斯·桑德斯", tt0892769,, 英语,98分钟,驯龙高手 How to Train Your Dragon,https://movie.douban.com/subject/2353023/,,"2010-05-14(中国大陆),2010-03-18(俄罗斯),2010-03-26(美国)",8.7,Sat Apr  2 19:35:36 2022,"威廉姆·戴维斯,迪恩·德布洛斯,克里斯·桑德斯,葛蕾熙达·柯维尔",2010
"佐仓绫音,内山昂辉,辻亲八,山本兼平,后藤弘树,今井麻美", 萤火之社 / Hotarubi no mori e / To the Forest of Firefly Lights,"剧情,爱情,动画,奇幻", 日本,大森贵弘, tt2061702,, 日语,45分钟,萤火之森 蛍火の杜へ,https://movie.douban.com/subject/5989818/,,2011-09-17(日本),8.9,Sat Apr  2 19:35:40 2022,绿川幸,2011
"汤姆·汉克斯,凯瑟琳·泽塔-琼斯,斯坦利·图齐,齐·麦克布赖德,迭戈·卢纳,巴里·沙巴卡·亨利,库玛·帕拉纳,佐伊·索尔达娜,埃迪·琼斯,祖德·塞克利拉,科瑞·雷诺兹,古列雷莫·迪亚兹,里尼·贝尔,瓦列里·尼古拉耶夫,迈克尔·诺里,鲍勃·莫里西,萨沙·斯皮尔伯格,苏珊·索洛米,卡尔利斯·布克,斯蒂芬·富勒,丹·芬纳蒂,Lydia Blanco,肯尼斯·崔,卡斯·安瓦尔,康拉德·皮拉,杜桑恩·杜基齐,马克·伊瓦涅,Benny Golson,斯科特·安第斯,罗伯特·科瓦吕比亚,Dilva Henry,卡尔艾拉切,哈亚提·阿克巴斯,艾力克斯·伯恩斯,埃莱娜·卡多纳,Dan Chase,查得·R·戴维斯,Antonella Elia,Michael Eliopoulos,Marston Fobbs,Riad Galayini,杰拉德·加纳,贾斯汀·罗杰斯豪尔,Mohammed Hassan,Amber Havens,Ksenia Jarova,巴里·朱利安,Svilena Kidess,Zuzana Monroe,艾丽西亚·奥奇瑟,本杰明·奥切恩格", 机场客运站(港) / 航站情缘(台) / 航站奇缘 / 单程机票航站奇缘 / 候机楼 / 单程机票 / 爱你无国界,"剧情,喜剧,爱情", 美国,史蒂文·斯皮尔伯格, tt0362227,, 英语 / 保加利亚语 / 西班牙语 / 俄语 / 汉语普通话 / 德语 / 法语,128分钟,幸福终点站 The Terminal,https://movie.douban.com/subject/1292274/,,"2005-01-14(中国大陆),2004-06-18(美国)",8.8,Sat Apr  2 19:35:44 2022,"安德鲁·尼科尔,萨沙·杰瓦西 ,杰夫·内桑森",2004
"本名阳子,小林桂树,高山南,高桥一生,山下容莉枝,室井滋,露口茂,饭冢雅弓", 心之谷(台) / 梦幻街少女(港) / Whisper of the Heart / Mimi wo sumaseba,"剧情,爱情,动画", 日本,近藤喜文, tt0113824,, 日语 / 英语,111分钟,侧耳倾听 耳をすませば,https://movie.douban.com/subject/1297052/,,1995-07-15(日本),8.9,Sat Apr  2 19:35:46 2022,"宫崎骏,柊葵",1995
"伊桑·霍克,朱莉·德尔佩,安德莉亚·埃克特,汉诺·波西尔,卡尔·布拉克施魏格尔,特克斯·鲁比诺威茨,埃尔尼·曼戈尔德,多米尼克·卡斯特尔,海蒙·玛丽亚·巴汀格,哈拉尔德·魏格莱因,汉斯·魏因加特纳,彼得·艾利·休默,休伯特·法比安·库尔特勒,约翰·斯洛斯,克里斯蒂安·安科维奇,亚当·戈德堡,保罗·波伊特", 情留半天(港) / 爱在黎明破晓时(台) / 日出之前,"剧情,爱情", 美国 / 奥地利 / 瑞士,理查德·林克莱特, tt0112471,, 英语 / 德语 / 法语,101分钟,爱在黎明破晓前 Before Sunrise,https://movie.douban.com/subject/1296339/,,1995-01-27(美国),8.8,Sat Apr  2 19:35:54 2022,"理查德·林克莱特,金·克里桑",1995
"松田洋治,石田百合子,田中裕子,小林薰,西村雅彦,上条恒彦,岛本须美,渡边哲,佐藤允,名古屋章,美轮明宏,森光子,森繁久弥", 魔法公主(港/台) / 幽灵少女 / 物之怪姬 / Mononoke-hime / Princess Mononoke,"动画,奇幻,冒险", 日本,宫崎骏, tt0119698,, 日语,134分钟,幽灵公主 もののけ姫,https://movie.douban.com/subject/1297359/,,1997-07-12(日本),8.9,Sat Apr  2 19:35:57 2022,宫崎骏,1997
"林青霞,金城武,梁朝伟,王菲,周嘉玲", Chungking Express,"剧情,爱情", 中国香港,王家卫, tt0109424,, 粤语 / 汉语普通话 / 英语 / 印地语 / 日语,102分钟,重庆森林 重慶森林,https://movie.douban.com/subject/1291999/,,1994-07-14(中国香港),8.8,Sat Apr  2 19:36:00 2022,王家卫,1994
"本木雅弘,广末凉子,山崎努,吉行和子,笹野高史,余贵美子", 礼仪师之奏鸣曲(港) / 礼仪师(台) / 送行者-礼仪师的乐章(台) / 为逝者送行的人 / 纳棺师 / Departures / Okuribito,剧情, 日本,泷田洋二郎, tt1069238,, 日语,130分钟,入殓师 おくりびと,https://movie.douban.com/subject/2149806/,,"2021-10-29(中国大陆),2008-09-13(日本)",8.9,Sat Apr  2 19:36:02 2022,小山薰堂,2008
,,,,,,,,,,https://movie.douban.com/subject/1297630/,,,,Sat Apr  2 19:36:06 2022,,
"奥黛丽·塔图,马修·卡索维茨,吕菲斯,洛莱拉·克拉沃塔,塞尔·梅林,贾梅尔·杜布兹,克洛蒂尔德·莫莱特,克莱尔·莫里耶,伊莎贝尔·南蒂,多米尼克·皮侬,阿尔蒂斯·德·彭居埃恩,友兰达·梦露,于尔班·康塞利埃,莫里斯·贝尼舒,米歇尔·罗班,安德烈·达芒,克洛德·佩隆,阿尔梅尔,迪基·奥尔加多,凯文·迪亚士,弗洛拉·吉耶,阿莫里·巴博尔,欧仁·贝蒂埃,让·达里,马克·阿米约", 艾蜜莉的异想世界(台) / 天使艾米莉 / 天使艾美丽 / 阿梅丽的奇妙命运 / 艾蜜丽 / Amelie,"剧情,喜剧,爱情", 法国 / 德国,让-皮埃尔·热内, tt0211915,, 法语 / 俄语,122分钟,天使爱美丽 Le fabuleux destin d'Amélie Poulain,https://movie.douban.com/subject/1292215/,,"2001-04-25(法国),2001-08-16(德国)",8.7,Sat Apr  2 19:36:10 2022,"纪尧姆·洛朗,让-皮埃尔·热内",2001
"周星驰,巩俐,陈百祥,郑佩佩,朱咪咪,梁家仁,苑琼丹,梁荣忠,黄一山,黄霑,吴镇宇,刘家辉,蓝洁瑛,谷德昭,陈辉虹,李健仁,宣萱,温翠苹", Flirting Scholar,"喜剧,爱情,古装", 中国香港,李力持, tt0108289,, 粤语,102 分钟,唐伯虎点秋香 唐伯虎點秋香,https://movie.douban.com/subject/1306249/,,1993-07-01(中国香港),8.7,Sat Apr  2 19:36:15 2022,"李力持,谷德昭,陈文强",1993
"希斯·莱杰,杰克·吉伦哈尔,米歇尔·威廉姆斯,安妮·海瑟薇,凯特·玛拉,兰迪·奎德,琳达·卡德里尼,安娜·法瑞丝,格拉汉姆·贝克尔,斯科特·迈克尔·坎贝尔,大卫·哈伯,罗伯塔·马克斯韦尔,皮特·麦克罗比,夏恩·希尔,布鲁克琳·普劳克斯,杰克·丘奇", 断臂山 / BBM,"剧情,爱情,同性,家庭", 美国 / 加拿大,李安, tt0388795,, 英语,134分钟,断背山 Brokeback Mountain,https://movie.douban.com/subject/1418834/,,"2005-09-02(威尼斯电影节),2006-01-06(加拿大),2006-01-13(美国)",8.8,Sat Apr  2 19:36:17 2022,"拉里·麦克穆特瑞,黛安娜·奥撒纳,安妮·普鲁",2005
,,,,,,,,,,https://movie.douban.com/subject/1294639/,,,,Sat Apr  2 19:36:20 2022,,
"西恩·潘,达科塔·范宁,米歇尔·菲佛,黛安·韦斯特,洛雷塔·迪瓦恩,理查德·希夫,劳拉·邓恩", 不一样的爸爸(港) / 他不笨，他是我爸爸(台),"剧情,家庭", 美国,杰茜·尼尔森, tt0277027,, 英语,132 分钟,我是山姆 I Am Sam,https://movie.douban.com/subject/1306861/,,2001-12-03(美国),9.0,Sat Apr  2 19:36:25 2022,"杰茜·尼尔森,克里斯汀·约翰逊",2001
"盖·皮尔斯,凯瑞-安·莫斯,乔·潘托里亚诺,小马克·布恩,拉什·费加,乔雅·福克斯,斯蒂芬·托布罗斯基,哈里特·桑塞姆·哈里斯,托马斯·列农,考乐姆·吉斯·雷尼,金伯利·坎贝尔,玛丽安妮·穆勒雷尔,拉里·霍尔登", 凶心人(港) / 记忆拼图(台) / 记忆迷局 / 失忆 / Amnesia,"剧情,悬疑,惊悚,犯罪", 美国,克里斯托弗·诺兰, tt0209144,, 英语,113分钟,记忆碎片 Memento,https://movie.douban.com/subject/1304447/,,"2000-09-05(威尼斯电影节),2000-10-20(英国),2001-05-25(美国)",8.7,Sat Apr  2 19:36:32 2022,"克里斯托弗·诺兰,乔纳森·诺兰",2000
,,,,,,,,,,https://movie.douban.com/subject/25895901/,,,,Sat Apr  2 19:36:35 2022,,
"吴君如,任达华,钟绍图,李治廷,蔡颖恩,秦沛,夏萍,谷德昭,许鞍华,张同祖,庄域飞,威廉希路,李健兴,林耀祺,廖爱玲,张翼东,钱耀荣,谭瓒强,陈庆航,黎祥荣", 1969太空漫游 / Echoes Of The Rainbow,"剧情,家庭", 中国香港 / 中国大陆,罗启锐, tt1602572,"60年代的香港，风云变幻。一面要忍受港英政府的压制，一面又受到内地运动的波及，更要面对不时登陆的台风暴雨。老字号的永利街就处在这样一个风暴的旋涡中心。,鞋匠罗一家四口，在街尾以做鞋为生。罗先生（任达华饰）做得一手好鞋，在那个混乱的年代仅能养家糊口；罗太太（吴君如饰）为人辛辣直率，人称“侠盗罗嫂”。大儿子罗进一（李治廷饰）16岁，品学兼优，是运动会的冠军，全家人的希望，也是永利街的骄傲；小儿子罗进二（钟绍图饰）8岁，在父母溺爱之下，天性顽劣，出了名的顽皮整蛊……一家人艰难度日，也算其乐融融。,然而大儿子与富家小姐芳菲（蔡颖恩饰）之间一段纯美的初恋、一场扫荡整个香港的飓风暴雨、更有一场潜伏已久的噩梦，让这个普通家庭的平安幸福在一夜之间陡生变故、支离破碎……面对岁月这个最大的“神偷”，顽强不屈的人该如何去抵抗？,2010第60届柏林电影节“新生代单元”最佳影片水晶熊奖，第29届香港电影金像奖最佳编剧、最佳男主角、最佳新演员、最佳原创电影歌曲4项大奖。", 粤语 / 汉语普通话 / 英语 / 上海话 / 法语,117分钟,岁月神偷 歲月神偷,https://movie.douban.com/subject/3792799/,,"2010-04-16(中国大陆),2010-03-11(中国香港),2010-02-14(柏林电影节)",8.7,Sat Apr  2 19:36:38 2022,"罗启锐,张婉婷",2010
"周星驰,吴孟达,张敏,徐锦江,钟丽缇,蔡少芬,吴启华,邹兆龙,梁荣忠,黄一飞,苑琼丹,刘洵,黄一山", 九品芝麻官之白面包青天 / Hail the Judge,"剧情,喜剧,古装", 中国香港 / 中国大陆,王晶, tt0110201,, 粤语,108分钟,九品芝麻官,https://movie.douban.com/subject/1297518/,,1994-03-31(中国香港),8.7,Sat Apr  2 19:36:42 2022,王晶,1994
"安东尼·博金斯,维拉·迈尔斯,约翰·加文,珍妮特·利,马丁·鲍尔萨姆,约翰·麦克因泰,西蒙·奥克兰,弗兰克·艾伯森,帕特里夏·希区柯克,沃恩·泰勒,卢伦·塔特尔,约翰·安德森,莫特·米尔斯,吉特·卡森,维吉尼亚·格雷格,阿尔弗雷德·希区柯克,珍妮特·诺兰,罗伯特·奥斯本,海伦·华莱士,Fletcher Allen,沃尔特·培根,弗朗西斯·德塞尔斯,乔治·多克斯塔德,乔治·埃尔德雷奇,哈珀·弗莱厄蒂,萨姆·弗林特,弗兰克·基尔蒙德,泰德·奈特,帕特·麦卡弗里,汉斯-乔基姆·默比斯,弗雷德·谢威勒", 精神病患者 / 触目惊心(港) / 精神病人,"悬疑,惊悚,恐怖", 美国,阿尔弗雷德·希区柯克, tt0054215,年轻的马里恩·克兰（珍妮特·利饰）在Phoenix工作，深受老板洛厄里（沃恩·泰勒饰）信任。男友萨姆·卢米斯（约翰·加文饰）在Fairvale经营一家五金店，因要替亡父还债又要支付前妻赡养费而无力再婚，只能借出差的机会偶尔来与马里恩幽会。马里恩对此感到不满，于是在周五下午趁机携四万美元公款驾车潜逃。可是马里恩的潜逃之路并不顺利：先是在出城的时候被洛厄里目击，周六一大早又被警察怀疑。花了七百美元以旧车换新车之后，马里恩继续忐忑地行驶。入夜后，天降大雨，视线模糊，无法行驶，马里恩只得将车泊入路边的贝茨汽车旅馆投宿。老板诺尔曼（安东尼·珀金斯饰）十分友善，试图邀请马里恩到家里共进晚餐，可惜被凶恶的母亲粗暴阻止，只得将晚餐端至旅馆客厅。马里恩在客厅一边进餐一边与诺尔曼交谈，终于决定周日返回Phoenix。用餐完毕，马里恩回房沐浴。这时，一个老妇的身影突然出现在卫生间……, 英语,109分钟,惊魂记 Psycho,https://movie.douban.com/subject/1293181/,,"1960-06-16(纽约首映),1960-09-08(美国)",9.0,Sat Apr  2 19:36:46 2022,"约瑟夫·斯蒂凡诺,罗伯特·布洛克",1960
,,,,,,,,,,https://movie.douban.com/subject/1295409/,,,,Sat Apr  2 19:36:48 2022,,
"霍卫民,王笑天,罗芸,杨瑜珍,孙黎,邵胜杰,曹西安,贾致钢,朱自清,王梓尘,赵梓彤,贾世忠,袁满,陈梅生,张景素,平坦,金子,张建军", 殡棺 / The Coffin in the Mountain / Deep in the Heart,"剧情,悬疑,犯罪", 中国大陆,忻钰坤, tt4078856,, 汉语普通话,110分钟(中国大陆),心迷宫,https://movie.douban.com/subject/25917973/,,"2015-10-16(中国大陆),2014-07-21(FIRST青年影展),2014-08-28(威尼斯电影节)",8.7,Sat Apr  2 19:36:52 2022,"忻钰坤,冯元良,鲁妮凡",2014
"周润发,狄龙,张国荣,朱宝意,李子雄,田丰,吴宇森,曾江,成奎安,徐克,陈志辉", A Better Tomorrow / Gangland Boss,"剧情,动作,犯罪", 中国香港,吴宇森, tt0092263,, 粤语 / 汉语普通话 / 英语,95分钟,英雄本色,https://movie.douban.com/subject/1297574/,,"2017-11-17(中国大陆),1986-08-02(中国香港)",8.6,Sat Apr  2 19:36:55 2022,"陈庆嘉,吴宇森,梁淑华",1986
"岛本须美,松田洋治,榊原良子,辻村真人,京田尚子,纳谷悟朗,永井一郎,宫内幸平,八奈见乘儿,矢田稔,富永美伊奈,家弓家正,吉田理保子,菅谷政子,坂本千夏,鳕子,麦人,大塚芳忠", 风谷少女 / Kaze no tani no Naushika / Nausicaä of the Valley of the Wind,"动画,奇幻,冒险", 日本,宫崎骏, tt0087544,, 日语,117分钟,风之谷 風の谷のナウシカ,https://movie.douban.com/subject/1291585/,,"1992-05(中国大陆),1984-03-11(日本)",8.9,Sat Apr  2 19:37:00 2022,宫崎骏,1984
,,,,,,,,,,https://movie.douban.com/subject/1578507/,,,,Sat Apr  2 19:37:02 2022,,
"亚历桑德雷·罗德里格斯,莱安德鲁·菲尔米诺,菲利佩·哈根森,道格拉斯·席尔瓦,乔纳森·哈根森,马修斯·纳克加勒,塞乌·乔奇,艾莉丝·布拉加", 无主之城 (港) / 无法无天 (台) / City of God,"剧情,犯罪", 巴西 / 法国,"费尔南多·梅里尔斯,卡迪亚·兰德", tt0317248,"巴西里约热内卢的贫民窟，这里是“上帝之城”，更是魔鬼也会叹息着转身的地方。,阿炮（AlexandreRodrigues饰）带着我们到了这里，他见证了这里二十多年来被残暴、贪婪、复仇、野心、背叛、掠夺所裹挟的混乱生活以及最终导致的一场灾难性的黑帮争斗。虽然从小就要辗转于匪徒间求生存，但胆小怕事的性格与自我保护的本能却使他一直能平安度日。,60年代初，阿毛、阿夹和阿呆是这里的“少年三侠”，在抢劫完旅馆之后，他们三人分道扬镳，阿夹重回上帝的怀抱，而阿呆和阿毛纷纷付出了生命的代价。,70年，当年“少年三侠”手下的小弟小豆子（DouglasSilva饰）靠着自己的心狠手辣，不停地吞并别人的地盘，成为了贫民区的“小霸王”，生意也从抢劫升级到了更为暴利的毒品买卖，和他一起飞黄腾达的还有班尼（PhellipeHaagensen饰）。,班尼认识了美丽的安迪丽卡（AliceBraga饰），准备归隐，在送别的晚会上，他意外被对头杀害，悲痛之下，“小霸王”集合人手给班尼报仇，帮派之间的厮杀就此开始。,此时的阿炮，机缘巧合下成为了杂志社的见习摄影师，他的相机，照下的却是孩子们持枪荷弹的狰狞，和帮派间无休无止的仇杀。", 葡萄牙语,130分钟,上帝之城 Cidade de Deus,https://movie.douban.com/subject/1292208/,,"2002-05-18(戛纳电影节),2002-08-30(巴西)",9.0,Sat Apr  2 19:37:11 2022,"保罗·林斯,布罗里欧·曼托伐尼",2002
"尼古拉斯·凯奇,艾玛·斯通,瑞安·雷诺兹,凯瑟琳·基纳,克萝丽丝·利奇曼,克拉克·杜克,克里斯·桑德斯,兰迪·汤姆", 古鲁家族(港/台) / 克鲁德一家 / 疯狂家族,"喜剧,动画,冒险", 美国,"柯克·德·米科,克里斯·桑德斯", tt0481499,"原始人咕噜一家六口在老爸Grug（尼古拉斯·凯奇NicolasCage配音）的庇护下生活。每天抢夺鸵鸟蛋为食，躲避野兽的追击，每晚听老爸叙述同一个故事，在山洞里过着一成不变的生活。大女儿Eep（艾玛·斯通EmmaStone配音）是一个和老爸性格截然相反的充满好奇心的女孩，她不满足一辈子留在这个小山洞里，一心想要追逐山洞外面的新奇世界。,没想到世界末日突然降临，山洞被毁，一家人被迫离开家园，展开一场全新的旅程。离开了居住了“一辈子”的山洞，展现在他们眼前的是一个崭新绚丽却又充满危险的新世界，到处都是食人的花草和叫不出名字的奇异鸟兽，一家人遇到了全所未有的危机。在旅途中，他们还遇到了游牧部落族人Guy（瑞恩·雷诺兹RyanReynolds配音），他有着超凡的创造力和革新思想，帮助咕噜一家躲过了重重困难，途中他还发明了很多“高科技”产品，并让他们知道了原来生活需要“用脑子”，走路需要“鞋子”等等。一行人在影片中展开了一场闹腾而又惊险的旅程。", 英语,98分钟,疯狂原始人 The Croods,https://movie.douban.com/subject/1907966/,,"2013-04-20(中国大陆),2013-02-15(柏林电影节),2013-03-22(美国)",8.7,Sat Apr  2 19:37:15 2022,"克里斯·桑德斯,柯克·德·米科,约翰·克里斯",2013
,,,,,,,,,,https://movie.douban.com/subject/26683290/,,,,Sat Apr  2 19:37:17 2022,,
"弗兰西斯·麦克多蒙德,伍迪·哈里森,山姆·洛克威尔,艾比·考尼什,卢卡斯·赫奇斯,彼特·丁拉基,约翰·浩克斯,卡赖伯·兰德里·琼斯,凯瑟琳·纽顿,凯瑞·康顿,泽利科·伊万内克,萨玛拉·维文,克拉克·彼得斯,尼克·瑟西,阿曼达·沃伦,玛拉雅·瑞沃拉·德鲁,布兰登·萨克斯顿,迈克尔·艾伦·米利甘", 广告牌杀人事件(港) / 意外(台),"剧情,犯罪", 美国 / 英国,马丁·麦克唐纳, tt5027774,, 英语,115分钟,"三块广告牌 Three Billboards Outside Ebbing, Missouri",https://movie.douban.com/subject/26611804/,,"2018-03-02(中国大陆),2017-09-04(威尼斯电影节),2017-12-01(美国)",8.7,Sat Apr  2 19:37:27 2022,马丁·麦克唐纳,2017
,,,,,,,,,,https://movie.douban.com/subject/1308857/,,,,Sat Apr  2 19:37:32 2022,,
"杰克·尼科尔森,摩根·弗里曼,西恩·海耶斯,贝弗利·陶德,罗伯·莫洛,阿方索·弗里曼,罗文娜·金,韦尔达·布里奇斯,伊恩·安东尼·代尔,詹妮弗·迪弗朗西斯科,安吉拉·加德纳,诺尔·古格雷米,乔纳森·赫尔南德斯,休·B·赫鲁伯,理查德·麦克格纳格尔,丸山凯伦,安波米德,尼基·诺瓦克,克里斯托弗·斯塔普勒顿,泰勒.安.汤普森,亚历克斯·崔贝克,Annton Berry Jr.,Destiny Brownridge,Brian Copeland,乔丹·朗德,Jonathan Mangum,Serena Reeder,MaShae Alderman,Vin Scully", 玩转身前事(港) / 一路玩到挂(台) / 拿命开玩笑 / 乐着活下去,"剧情,喜剧,冒险", 美国,罗伯·莱纳, tt0825232,, 英语,97 分钟,遗愿清单 The Bucket List,https://movie.douban.com/subject/1867345/,,"2007-12-25(多伦多电影节),2008-01-11(美国)",8.7,Sat Apr  2 19:37:32 2022,贾斯汀·扎克汉姆,2007
"辰己努,白石绫乃,志乃原良子,山口朱美,端田宏三", 再见萤火虫(港) / 萤火挽歌 / 火帘之墓 / Hotaru no haka / Tombstone for Fireflies / Grave of the Fireflies / Tomb of the Fireflies,"剧情,动画,战争", 日本,高畑勋, tt0095327,, 日语,89 分钟,萤火虫之墓 火垂るの墓,https://movie.douban.com/subject/1293318/,,1988-04-16(日本),8.7,Sat Apr  2 19:37:40 2022,"高畑勋,野坂昭如",1988
,,,,,,,,,,https://movie.douban.com/subject/1307811/,,,,Sat Apr  2 19:37:43 2022,,
"凯尔·杜拉,加里·洛克伍德,威廉姆·西尔维斯特,丹尼尔·里希特,雷纳德·洛塞特,罗伯特·比提,肖恩·沙利文,艾德·毕肖普,格伦·贝克,艾伦·吉福德,安·吉利斯", 2001：星际漫游 / 2001：太空奥德赛,"科幻,惊悚,冒险", 英国 / 美国,斯坦利·库布里克, tt0062622,, 英语 / 俄语,149分钟,2001太空漫游 2001: A Space Odyssey,https://movie.douban.com/subject/1292226/,,"1968-04-02(华盛顿首映),1968-05-12(英国)",8.9,Sat Apr  2 19:37:48 2022,"亚瑟·克拉克,斯坦利·库布里克",1968
"达斯汀·霍夫曼,汤姆·克鲁斯,瓦莱丽亚·戈利诺,邦尼·亨特,贝丝·格兰特,杰克·霍夫曼,克里斯·马尔基,杰拉尔德·R·莫伦,卢辛达·珍妮,拉尔夫·塞莫,迈克尔·D·罗伯茨,罗伊斯·D.阿普勒加特,路易莎·莱斯金", 手足情未了(港) / 手足情深,剧情, 美国,巴瑞·莱文森, tt0095953,, 英语 / 意大利语,133分钟,雨人 Rain Man,https://movie.douban.com/subject/1291870/,,1988-12-16(美国),8.7,Sat Apr  2 19:37:56 2022,"罗纳德·巴斯,巴里·莫罗",1988
,,,,,,,,,,https://movie.douban.com/subject/1293460/,,,,Sat Apr  2 19:38:00 2022,,
"梅利莎·乔治,利亚姆·海姆斯沃斯,迈克尔·多曼,瑞秋·卡帕尼,艾玛·朗,亨利·尼克松,约书亚·麦基弗", 汪洋血迷宮(台) / 轮回三角 / 三角形 / 迷失三角洲,"剧情,悬疑,惊悚", 英国 / 澳大利亚,克里斯托弗·史密斯, tt1187064,, 英语,99 分钟,恐怖游轮 Triangle,https://movie.douban.com/subject/3011051/,,2009-10-16(英国),8.5,Sat Apr  2 19:38:03 2022,克里斯托弗·史密斯,2009
"娜塔莉·波特曼,米拉·库尼斯,文森特·卡索,芭芭拉·赫希,薇诺娜·瑞德,本杰明·米派德,克塞尼亚·索罗,克里斯汀娜·安娜波,詹妮特·蒙哥马利,塞巴斯蒂安·斯坦,托比·海明威,塞尔吉奥·托拉多,马克·马戈利斯,蒂娜·斯隆,亚伯拉罕·阿罗诺夫斯基,夏洛特·阿罗诺夫斯基,玛西娅·让·库尔茨,肖恩·奥哈根,克里斯托弗·加廷,黛博拉·奥夫纳,斯坦利·B·赫尔曼,库尔特·弗勒曼,帕特里克·赫辛格,莎拉·海伊", 夺命黑天鹅 / 霸王别鹅(豆友译名),"剧情,惊悚", 美国,达伦·阿伦诺夫斯基, tt0947798,纽约剧团要重排《天鹅湖》，因前领舞Beth（薇诺娜•赖德WinonaRyder饰）离去，总监Thomas（文森特•卡索尔VincentCassel.饰）决定海选新领舞，且要求领舞要分饰黑天鹅与白天鹅。Nina（娜塔莉•波特曼NataliePortman饰）自幼练习芭蕾舞，在母亲的细心关照下，技艺出众。这次，她希望可以脱颖而出。然而，在竞争中，她发现心机颇重的Lily（米拉•库妮丝MilaKunis饰）是自己的强劲对手。在选拔中，她的白天鹅表演的无可挑剔，但是黑天鹅不及Lily。她感到身心俱疲，回家还发现了背部的红斑与脚伤。她一个人找到总监，希望争取一下。总监趁机亲吻她，却被她强硬拒绝。结果，总监居然选了她。队友怀疑她靠色相上位。在酒会上，Beth甚至当众发泄。这种压力外加伤病，一直影响着她的发挥。总监启发她要释放激情，表现出黑天鹅的诱惑。在强大的心理暗示中，她似乎也滑向了黑天鹅的角色……, 英语 / 法语 / 意大利语,108分钟,黑天鹅 Black Swan,https://movie.douban.com/subject/1978709/,,"2010-09-01(威尼斯电影节),2010-12-17(美国)",8.6,Sat Apr  2 19:38:12 2022,"安德雷斯·海因斯,马克·海曼,约翰·J·麦克劳克林",2010
,,,,,,,,,,https://movie.douban.com/subject/1291578/,,,,Sat Apr  2 19:38:14 2022,,
"郭涛,刘桦,连晋,黄渤,徐峥,岳小军,罗兰,王迅", Crazy Stone,"喜剧,犯罪", 中国大陆 / 中国香港,宁浩, tt0843270,, 汉语普通话 / 重庆话,106分钟(香港),疯狂的石头,https://movie.douban.com/subject/1862151/,,"2006-06-30(中国大陆),2006-08-10(中国香港)",8.5,Sat Apr  2 19:38:22 2022,"张承,宁浩,岳小军",2006
"约翰·C·赖利,萨拉·西尔弗曼,杰克·麦克布瑞尔,简·林奇,艾伦·图代克,敏迪·卡灵,乔·洛·特鲁格里奥,艾德·奥尼尔,丹尼斯·海斯伯特,伊迪·麦克勒格,雷蒙德·S·佩尔西,杰斯·哈梅尔,瑞秋·哈里斯,斯盖拉·阿斯丁,亚当·卡罗拉,霍拉提奥·桑斯,莫里斯·拉马奇,斯戴芬妮·斯考特,约翰·迪·马吉欧,瑞奇·摩尔,凯蒂·洛斯,贾米·埃曼,乔西·特立尼达,辛贝·沃克,塔克·吉莫尔,布兰登·斯考特,蒂姆·梅尔滕斯,凯文·迪特斯,杰洛·里佛斯,马丁·贾维斯,布莱恩·克辛格,罗杰·克莱格·史密斯,菲尔·约翰斯顿,鲁本·兰登,凯尔·赫伯特,洁米·斯贝勒·罗伯茨,尼克·格里姆肖", 破坏王拉尔夫 / 破坏王大冒险,"喜剧,动画,奇幻,冒险", 美国,瑞奇·摩尔, tt1772341,"无敌破坏王（约翰·C·赖利JohnC.Reilly配音）生活在一个80年代出品的低精度游戏中。他的设定身份是一个反派，每天的生活就是在游戏《快手阿修》中大搞破坏，其后由玩家操作的英雄人物快手阿修（杰克·麦克布瑞尔JackMcBrayer配音）会及时赶到进行修补，赢得奖牌，包揽一切荣耀。身为反派，破坏王厌倦了自己的生活，眼看阿修被胜利者的光环围绕，自己却日复一日在无趣中过活，他终于决定改变。单纯的他以为只要自己也能得到一枚奖牌，就可以摆脱反派的身份，于是某日在游戏厅歇业后，破坏王偷偷离开了自己的游戏，前去闯荡其他电子游戏的世界。,在途中，破坏王结识了来自《英雄使命》的冷酷队长（简·林奇JaneLynch配音）和来自90年代糖果赛车游戏《甜蜜冲刺》的小女孩云妮（萨拉·丝沃曼SarahSilverman配音）。后者梦想着能上场比赛，但其身份也不允许她梦想成真。破坏王所属的游戏《快手阿修》由于失去了他被认定为系统错误，如不尽快返回，则游戏就会被永久删除；而《甜蜜冲刺》的游戏世界则在悄悄酝酿着一场巨大的、威胁到整个游戏世界的阴谋。这也许是无敌破坏王实现梦想的机会，但也可能是一条不归路……他可以扭转乾坤，成为一名真正的英雄吗？", 英语,101分钟,无敌破坏王 Wreck-It Ralph,https://movie.douban.com/subject/6534248/,,"2012-11-06(中国大陆),2012-11-02(美国)",8.7,Sat Apr  2 19:38:30 2022,"菲尔·约翰斯顿,珍妮弗·李,瑞奇·摩尔,吉姆·里尔顿,约翰·C·赖利,山姆·J·莱文,贾里德·斯特恩",2012
,,,,,,,,,,https://movie.douban.com/subject/1292328/,,,,Sat Apr  2 19:38:36 2022,,
"中川雅也,安藤樱,松冈茉优,城桧吏,佐佐木美结,树木希林,绪形直人,池松壮亮,森口瑶子,山田裕贵,片山萌美,柄本明,高良健吾,池胁千鹤,足立智充", Shoplifters / Une Affaire de Famille / Manbiki kazoku,"剧情,家庭,犯罪", 日本,是枝裕和, tt8075192,, 日语,117分钟(中国大陆),小偷家族 万引き家族,https://movie.douban.com/subject/27622447/,,"2018-08-03(中国大陆),2018-05-13(戛纳电影节),2018-06-08(日本)",8.7,Sat Apr  2 19:38:40 2022,是枝裕和,2018
"戴夫·帕特尔,沙鲁巴·舒克拉,亚尼·卡普,拉詹德拉纳斯·祖特施,吉尼瓦·塔瓦尔,芙蕾达·平托,伊尔凡·可汗,爱资哈尔丁·穆罕默德·伊斯梅尔,阿什·马赫什·舍德卡,马赫什·曼杰瑞卡,麦活·米泰尔", 一百万零一夜(港) / 贫民百万富翁(台) / 贫民富翁 / 山寨富翁 / 阳光小阿三(豆友译名),"剧情,爱情", 英国,"丹尼·博伊尔,洛芙琳·坦丹", tt1010048,, 英语 / 印地语 / 法语 / 德语,120分钟,贫民窟的百万富翁 Slumdog Millionaire,https://movie.douban.com/subject/2209573/,,"2009-03-26(中国大陆),2008-08-30(特柳赖德电影节),2009-01-09(英国)",8.6,Sat Apr  2 19:38:52 2022,"西蒙·博福伊,维卡斯·史瓦卢普",2008
,,,,,,,,,,https://movie.douban.com/subject/25773932/,,,,Sat Apr  2 19:38:55 2022,,
"伊桑·霍克,朱莉·德尔佩,肖姆斯·戴维-菲茨帕特里克,詹妮弗·普里尔,夏洛特·普里尔,仙尼娅·卡洛格罗普卢,沃尔特·拉萨利,亚里安妮·拉贝德,雅尼斯·帕帕多普洛斯,阿赛娜·拉海尔·灿加里,帕诺斯·科罗尼斯,约塔·阿吉罗普卢,约翰·斯洛斯", 情约半生(港) / 爱在午夜希腊时(台) / 爱在午夜到来时 / 爱在午夜梦回时 / 午夜之前,"剧情,爱情", 美国 / 希腊,理查德·林克莱特, tt2209418,"被影迷奉为爱情圭臬的《爱在黎明破晓前》、《爱在日落黄昏时》终于迎来了第三部《爱在午夜降临前》。第一部中美国青年杰西（伊桑·霍克EthanHawke饰）坐火车邂逅法国女孩赛琳（朱莉·德尔佩JulieDelpy饰），两人在维也纳度过难忘一晚；9年后的第二部，杰西已成为作家，他的小说让他和赛琳在巴黎重逢，两人于日落前再续前缘。如今又一个9年过去了，杰西与赛琳已经一起生活并有了一对双胞胎女儿，对人生和爱情也有了更多感悟。《爱在午夜降临前》就是撷取他们在希腊伯罗奔尼撒南部小岛度假的最后一天。,导演理查德·林克莱特和两位主演就像与影迷在赴一个每9年的约会，尽管三部曲的制作跨度长达18年，但故事情节几乎可以写在一张纸的背面。电影惯于只用人与人的对话讲述故事，两位主人公或行走在静谧的村落，或悠然坐在露台和餐桌前，不断的讨论着文学、爱情、生活、两性等话题。然而与前两部不同的是，随着他们终于走到一起，爱情的浪漫也开始被生活的日常琐碎和彼此相处的实用性取代，吵架拌嘴也随之而来。如何在“婚姻”的面纱下维持爱情？电影将18年的感情铺开，再徐徐化解那些小小的怨念，呈现爱情最真实动人一面。", 英语 / 希腊语 / 法语,109分钟,爱在午夜降临前 Before Midnight,https://movie.douban.com/subject/10808442/,,2013-06-14(美国),8.8,Sat Apr  2 19:39:00 2022,"理查德·林克莱特,朱莉·德尔佩,伊桑·霍克,金·克里桑",2013
"达里奥·格兰迪内蒂,玛丽娅·玛努尔,莫妮卡·比利亚,丽塔·科尔泰塞,胡丽叶塔·泽尔贝伯格,凯撒·博尔东,莱昂纳多·斯巴拉格利亚,沃尔特·多纳多,里卡多·达林,南希·杜普拉,奥斯卡·马丁内兹,玛莉亚·奥内托,奥斯马·努涅斯,赫尔曼·德·席尔瓦,艾丽卡·里瓦斯,地亚哥·詹蒂莱,玛格丽塔·莫菲诺", 蛮荒故事 / 生命中最抓狂的小事(台) / 无定向丧心病狂(港) / 蛮荒史 / Wild Tales,"剧情,喜剧,犯罪", 阿根廷 / 西班牙,达米安·斯兹弗隆, tt3011894,, 西班牙语,122分钟,荒蛮故事 Relatos salvajes,https://movie.douban.com/subject/24750126/,,"2014-05-17(戛纳电影节),2014-08-21(阿根廷)",8.8,Sat Apr  2 19:39:10 2022,达米安·斯兹弗隆,2014
,,,,,,,,,,https://movie.douban.com/subject/1959195/,,,,Sat Apr  2 19:39:13 2022,,
"雷·沃纳尔,加利·艾尔维斯,丹尼·格洛弗,肯·梁,迪娜·迈耶,迈克·巴特斯,保罗·古德勒支,迈克尔·爱默生,本尼托·马丁内斯,肖妮·史密斯,麦肯兹·韦加,莫妮卡·波特,耐德·巴拉米,亚丽姗德拉·全,托宾·贝尔", 恐惧斗室(港) / 夺魂锯(台) / 你死我活 / 链锯惊魂,"悬疑,惊悚,恐怖", 美国,温子仁, tt0387564,, 英语,103分钟,电锯惊魂 Saw,https://movie.douban.com/subject/1417598/,,"2004-01-19(圣丹斯电影节),2004-10-29(美国)",8.7,Sat Apr  2 19:39:28 2022,"温子仁,雷·沃纳尔",2004
,,,,,,,,,,https://movie.douban.com/subject/1291557/,,,,Sat Apr  2 19:39:30 2022,,
"基努·里维斯,劳伦斯·菲什伯恩,凯瑞-安·莫斯,雨果·维文,贾达·萍克·史密斯,凯特·宾汉,玛丽·爱丽丝,莫妮卡·贝鲁奇,埃茜·戴维斯,克里斯托弗·卡比,罗伯特·马莫内,罗宾·奈文,吉娜薇·欧瑞丽,诺娜·加耶,纳撒尼尔·利斯,哈里·列尼斯,哈罗德·佩里诺,鲁伯特·雷德,凯文·迈克尔·理查德森,大卫·罗伯茨,布鲁斯·斯宾斯,吉娜·托瑞斯,克莱顿·华生,赫尔穆特·巴凯蒂斯,邹兆龙,乔·曼宁,Tanveer K. Atwal,拉黑·休姆,康奈尔·韦斯特,伯纳德·怀特,朗贝尔·维尔森,安东尼·布兰登·黄,安东尼·泽比,克雷格·沃克", 22世纪杀人网络3：惊变世纪(港) / 骇客任务完结篇：最后战役(台) / 廿二世纪杀人网络3：惊变世纪 / 黑客帝国3 / 骇客帝国3,"动作,科幻", 美国,"拉娜·沃卓斯基,莉莉·沃卓斯基", tt0242653,"第二集中，尼奥（基努·里维斯KeanuReeves饰）没有能从内部摧毁“母体”，他的身体在真实世界的飞船上陷于昏迷，思想却被困在介于“母体”和真实世界的中间地带，这个地方由“火车人”控制。墨菲斯（劳伦斯·菲什伯恩LaurenceFishburne饰）和崔妮蒂（凯瑞-安·莫斯Carrie-AnneMoss饰）等人知道了尼奥的情况，在守护天使的带领下，找到了“火车人”的控制者梅罗纹奇，经过一番激斗，将尼奥救了出来。,此时，电子乌贼部队对锡安发起了猛烈的攻击，人类组织所有机甲战士展开顽强的抵抗，形势危在旦夕；尼奥和崔妮蒂驾驶了一艘飞船克服重重困难，到达机器城市，尼奥终于见到了机器世界的统治者“机器大帝”，双方谈判并达成了协议：尼奥除掉不受“母体”控制的史密斯，以换取锡安的和平。,在“母体”中，尼奥和史密斯展开了关系人类生死存亡的最后决斗。", 英语 / 法语,129 分钟,黑客帝国3：矩阵革命 The Matrix Revolutions,https://movie.douban.com/subject/1302467/,,2003-11-05(美国/中国大陆),8.8,Sat Apr  2 19:39:33 2022,"莉莉·沃卓斯基,拉娜·沃卓斯基",2003
"赵文瑄,郎雄,归亚蕾,金素梅,米切尔·利希藤斯坦", The Wedding Banquet,"剧情,喜剧,爱情,同性,家庭", 中国台湾 / 美国,李安, tt0107156,, 汉语普通话 / 英语,108分钟,喜宴 囍宴,https://movie.douban.com/subject/1303037/,,"1993-02(柏林电影节),1993-08-04(美国)",8.9,Sat Apr  2 19:39:43 2022,"李安,冯光远,詹姆斯·夏慕斯",1993
,,,,,,,,,,https://movie.douban.com/subject/10437779/,,,,Sat Apr  2 19:39:47 2022,,
"三船敏郎,志村乔,津岛惠子,岛崎雪子,藤原釜足,加东大介,木村功,千秋实,宫口精二,小杉义男,左卜全,稻叶义男,土屋嘉男,高堂国典,东野英治郎,上田吉二郎,多多良纯,渡边笃,小川虎之助,山形勋,上山草人,清水元,高木新平,大友伸,高原骏雄,稻垣三郎,堺左千夫,千石规子,本间文子,大久保正信,伊藤实,大村千吉,广濑正一,宇野晃司,谷晃,中岛春雄,清水美恵,熊谷卓三,夏木顺平,岩本弘司,堤康久,马野都留子,森今日子,加藤武,仲代达矢,宇津井健,山本廉", 七侠四义(港) / 七剑客(港) / The Seven Samurai / Shichinin no samurai,"剧情,动作,冒险", 日本,黑泽明, tt0047478,, 日语,207分钟,七武士 七人の侍,https://movie.douban.com/subject/1295399/,,1954-04-26(日本),9.3,Sat Apr  2 19:39:52 2022,"黑泽明,桥本忍,小国英雄",1954
,,,,,,,,,,https://movie.douban.com/subject/2222996/,,,,Sat Apr  2 19:40:06 2022,,
,,,,,,,,,,https://movie.douban.com/subject/1428175/,,,,Sat Apr  2 19:40:09 2022,,
,,,,,,,,,,https://movie.douban.com/subject/1293964/,,,,Sat Apr  2 19:40:13 2022,,
,,,,,,,,,,https://movie.douban.com/subject/1438652/,,,,Sat Apr  2 19:40:21 2022,,
,,,,,,,,,,https://movie.douban.com/subject/3592854/,,,,Sat Apr  2 19:40:25 2022,,
,,,,,,,,,,https://movie.douban.com/subject/5300054/,,,,Sat Apr  2 19:40:29 2022,,
,,,,,,,,,,https://movie.douban.com/subject/1292287/,,,,Sat Apr  2 19:40:33 2022,,
,,,,,,,,,,https://movie.douban.com/subject/27119724/,,,,Sat Apr  2 19:40:39 2022,,
,,,,,,,,,,https://movie.douban.com/subject/25724855/,,,,Sat Apr  2 19:40:43 2022,,
,,,,,,,,,,https://movie.douban.com/subject/1303394/,,,,Sat Apr  2 19:40:47 2022,,
,,,,,,,,,,https://movie.douban.com/subject/1307856/,,,,Sat Apr  2 19:40:51 2022,,
,,,,,,,,,,https://movie.douban.com/subject/26787574/,,,,Sat Apr  2 19:40:55 2022,,
,,,,,,,,,,https://movie.douban.com/subject/26430107/,,,,Sat Apr  2 19:41:04 2022,,
,,,,,,,,,,https://movie.douban.com/subject/1291844/,,,,Sat Apr  2 19:41:09 2022,,
,,,,,,,,,,https://movie.douban.com/subject/1310177/,,,,Sat Apr  2 19:41:13 2022,,
,,,,,,,,,,https://movie.douban.com/subject/1291879/,,,,Sat Apr  2 19:41:16 2022,,
,,,,,,,,,,https://movie.douban.com/subject/25980443/,,,,Sat Apr  2 19:41:19 2022,,
,,,,,,,,,,https://movie.douban.com/subject/3075287/,,,,Sat Apr  2 19:41:23 2022,,
,,,,,,,,,,https://movie.douban.com/subject/1307106/,,,,Sat Apr  2 19:41:27 2022,,
,,,,,,,,,,https://movie.douban.com/subject/4739952/,,,,Sat Apr  2 19:41:31 2022,,
,,,,,,,,,,https://movie.douban.com/subject/1292329/,,,,Sat Apr  2 19:41:33 2022,,
,,,,,,,,,,https://movie.douban.com/subject/1461403/,,,,Sat Apr  2 19:41:36 2022,,
,,,,,,,,,,https://movie.douban.com/subject/1302827/,,,,Sat Apr  2 19:41:41 2022,,
,,,,,,,,,,https://movie.douban.com/subject/1296909/,,,,Sat Apr  2 19:41:44 2022,,
actors,alias,category,country_region,director,imdb,introduce,language,length,movie_name,movie_url,official_site,release_date,star,timestamp,writer,year
"柊瑠美,入野自由,夏木真理,菅原文太,中村彰男,玉井夕海,神木隆之介,内藤刚志,泽口靖子,我修院达也,大泉洋,小林郁夫,上条恒彦,小野武彦", 神隐少女(台) / 千与千寻的神隐 / Spirited Away / A Voyage of Chihiro / Sen to Chihiro no kamikakushi,"剧情,动画,奇幻", 日本,宫崎骏, tt0245429,, 日语,125分钟,千与千寻 千と千尋の神隠し,https://movie.douban.com/subject/1291561/,,"2019-06-21(中国大陆),2001-07-20(日本)",9.4,Sat Apr  2 20:38:30 2022,宫崎骏,2001
"连姆·尼森,本·金斯利,拉尔夫·费因斯,卡罗琳·古多尔,乔纳森·萨加尔,艾伯丝·戴维兹,马尔戈萨·格贝尔,马克·伊瓦涅,碧翠斯·马科拉,安德烈·瑟韦林,弗里德里希·冯·图恩,克齐斯茨托夫·拉夫特,诺伯特·魏塞尔,维斯瓦夫·科马萨", 舒特拉的名单(港) / 辛德勒名单,"剧情,历史,战争", 美国,史蒂文·斯皮尔伯格, tt0108052,, 英语 / 希伯来语 / 德语 / 波兰语,195分钟,辛德勒的名单 Schindler's List,https://movie.douban.com/subject/1295124/,,"1993-11-30(华盛顿首映),1994-02-04(美国)",9.6,Sat Apr  2 20:38:32 2022,"托马斯·肯尼利,斯蒂文·泽里安",1993
